channel,region,object_id,feature_name,feature_value,platedir,plate_row,plate_column,org_id,condition
1,MASK,255,q0_000,137.0,201031JD002regimetestAAB_20201031_173042,B,2,8,glu-glu
1,MASK,255,q0_001,158.0,201031JD002regimetestAAB_20201031_173042,B,2,8,glu-glu
1,MASK,255,q0_250,2586.0,201031JD002regimetestAAB_20201031_173042,B,2,8,glu-glu
1,MASK,255,q0_500,3455.0,201031JD002regimetestAAB_20201031_173042,B,2,8,glu-glu
1,MASK,255,q0_750,4192.0,201031JD002regimetestAAB_20201031_173042,B,2,8,glu-glu
1,MASK,255,q0_999,7271.065000000002,201031JD002regimetestAAB_20201031_173042,B,2,8,glu-glu
1,MASK,255,q1_000,8318.0,201031JD002regimetestAAB_20201031_173042,B,2,8,glu-glu
2,MASK,255,q0_000,136.0,201031JD002regimetestAAB_20201031_173042,B,2,8,glu-glu
2,MASK,255,q0_001,160.0,201031JD002regimetestAAB_20201031_173042,B,2,8,glu-glu
2,MASK,255,q0_250,206.0,201031JD002regimetestAAB_20201031_173042,B,2,8,glu-glu
2,MASK,255,q0_500,231.0,201031JD002regimetestAAB_20201031_173042,B,2,8,glu-glu
2,MASK,255,q0_750,308.0,201031JD002regimetestAAB_20201031_173042,B,2,8,glu-glu
2,MASK,255,q0_999,1942.1300000000047,201031JD002regimetestAAB_20201031_173042,B,2,8,glu-glu
2,MASK,255,q1_000,4327.0,201031JD002regimetestAAB_20201031_173042,B,2,8,glu-glu
3,MASK,255,q0_000,194.0,201031JD002regimetestAAB_20201031_173042,B,2,8,glu-glu
3,MASK,255,q0_001,219.935,201031JD002regimetestAAB_20201031_173042,B,2,8,glu-glu
3,MASK,255,q0_250,1286.0,201031JD002regimetestAAB_20201031_173042,B,2,8,glu-glu
3,MASK,255,q0_500,2210.0,201031JD002regimetestAAB_20201031_173042,B,2,8,glu-glu
3,MASK,255,q0_750,4491.0,201031JD002regimetestAAB_20201031_173042,B,2,8,glu-glu
3,MASK,255,q0_999,45206.37000000023,201031JD002regimetestAAB_20201031_173042,B,2,8,glu-glu
3,MASK,255,q1_000,55775.0,201031JD002regimetestAAB_20201031_173042,B,2,8,glu-glu
1,CENTER-SURROUND,1,mean,3320.053034566259,201031JD002regimetestAAB_20201031_173042,B,2,8,glu-glu
1,CENTER-SURROUND,1,std,1369.9403869833561,201031JD002regimetestAAB_20201031_173042,B,2,8,glu-glu
1,CENTER-SURROUND,1,mad,807.0,201031JD002regimetestAAB_20201031_173042,B,2,8,glu-glu
1,CENTER-SURROUND,2,mean,3393.473535093368,201031JD002regimetestAAB_20201031_173042,B,2,8,glu-glu
1,CENTER-SURROUND,2,std,1103.6918927764598,201031JD002regimetestAAB_20201031_173042,B,2,8,glu-glu
1,CENTER-SURROUND,2,mad,725.0,201031JD002regimetestAAB_20201031_173042,B,2,8,glu-glu
2,CENTER-SURROUND,1,mean,357.0447809553043,201031JD002regimetestAAB_20201031_173042,B,2,8,glu-glu
2,CENTER-SURROUND,1,std,268.9849588894332,201031JD002regimetestAAB_20201031_173042,B,2,8,glu-glu
2,CENTER-SURROUND,1,mad,42.0,201031JD002regimetestAAB_20201031_173042,B,2,8,glu-glu
2,CENTER-SURROUND,2,mean,243.4193174500966,201031JD002regimetestAAB_20201031_173042,B,2,8,glu-glu
2,CENTER-SURROUND,2,std,107.46386966917457,201031JD002regimetestAAB_20201031_173042,B,2,8,glu-glu
2,CENTER-SURROUND,2,mad,17.0,201031JD002regimetestAAB_20201031_173042,B,2,8,glu-glu
3,CENTER-SURROUND,1,mean,4442.964154772259,201031JD002regimetestAAB_20201031_173042,B,2,8,glu-glu
3,CENTER-SURROUND,1,std,6656.267161675096,201031JD002regimetestAAB_20201031_173042,B,2,8,glu-glu
3,CENTER-SURROUND,1,mad,562.0,201031JD002regimetestAAB_20201031_173042,B,2,8,glu-glu
3,CENTER-SURROUND,2,mean,4853.288903198111,201031JD002regimetestAAB_20201031_173042,B,2,8,glu-glu
3,CENTER-SURROUND,2,std,5065.728628500784,201031JD002regimetestAAB_20201031_173042,B,2,8,glu-glu
3,CENTER-SURROUND,2,mad,891.0,201031JD002regimetestAAB_20201031_173042,B,2,8,glu-glu
1,MASK,255,mean,3340.927016207772,201031JD002regimetestAAB_20201031_173042,B,2,8,glu-glu
1,MASK,255,std,1300.2263293320304,201031JD002regimetestAAB_20201031_173042,B,2,8,glu-glu
1,MASK,255,mad,794.0,201031JD002regimetestAAB_20201031_173042,B,2,8,glu-glu
2,MASK,255,mean,324.7402362819762,201031JD002regimetestAAB_20201031_173042,B,2,8,glu-glu
2,MASK,255,std,240.1932632080914,201031JD002regimetestAAB_20201031_173042,B,2,8,glu-glu
2,MASK,255,mad,32.0,201031JD002regimetestAAB_20201031_173042,B,2,8,glu-glu
3,MASK,255,mean,4559.622461433314,201031JD002regimetestAAB_20201031_173042,B,2,8,glu-glu
3,MASK,255,std,6248.1553449417215,201031JD002regimetestAAB_20201031_173042,B,2,8,glu-glu
3,MASK,255,mad,1082.0,201031JD002regimetestAAB_20201031_173042,B,2,8,glu-glu
1,MASK,255,weighted_centroid-0,71.87571273611759,201031JD002regimetestAAB_20201031_173042,B,2,8,glu-glu
1,MASK,255,weighted_centroid-1,68.6321995185755,201031JD002regimetestAAB_20201031_173042,B,2,8,glu-glu
2,MASK,255,weighted_centroid-0,67.08678269372919,201031JD002regimetestAAB_20201031_173042,B,2,8,glu-glu
2,MASK,255,weighted_centroid-1,60.865731154969076,201031JD002regimetestAAB_20201031_173042,B,2,8,glu-glu
3,MASK,255,weighted_centroid-0,63.22791536379074,201031JD002regimetestAAB_20201031_173042,B,2,8,glu-glu
3,MASK,255,weighted_centroid-1,65.925393040057,201031JD002regimetestAAB_20201031_173042,B,2,8,glu-glu
na,MASK,255,minor_axis_length,94.65581170942737,201031JD002regimetestAAB_20201031_173042,B,2,8,glu-glu
na,MASK,255,eccentricity,0.6624534852722844,201031JD002regimetestAAB_20201031_173042,B,2,8,glu-glu
na,MASK,255,centroid-0,72.71835334895529,201031JD002regimetestAAB_20201031_173042,B,2,8,glu-glu
na,MASK,255,centroid-1,67.63563512985745,201031JD002regimetestAAB_20201031_173042,B,2,8,glu-glu
na,MASK,255,major_axis_length,126.35886568808581,201031JD002regimetestAAB_20201031_173042,B,2,8,glu-glu
na,MASK,255,convex_area,9467.380000000001,201031JD002regimetestAAB_20201031_173042,B,2,8,glu-glu
na,MASK,255,area,8654.490000000002,201031JD002regimetestAAB_20201031_173042,B,2,8,glu-glu
na,MASK,255,perimeter,442.4619407771256,201031JD002regimetestAAB_20201031_173042,B,2,8,glu-glu
na,MASK,255,solidity,0.9141378079257408,201031JD002regimetestAAB_20201031_173042,B,2,8,glu-glu
na,MASK,255,convex_perimeter,374.0555841571825,201031JD002regimetestAAB_20201031_173042,B,2,8,glu-glu
na,MASK,255,mean_radius,14.457093288963492,201031JD002regimetestAAB_20201031_173042,B,2,8,glu-glu
na,MASK,255,max_radius,40.47391907142178,201031JD002regimetestAAB_20201031_173042,B,2,8,glu-glu
na,MASK,255,median_radius,13.08099766837377,201031JD002regimetestAAB_20201031_173042,B,2,8,glu-glu
na,SKELETON,1,n_branches,2.0,201031JD002regimetestAAB_20201031_173042,B,2,8,glu-glu
na,SPX,1,center_x,-177.55160887125285,201031JD002regimetestAAB_20201031_173042,B,2,8,glu-glu
na,SPX,1,center_y,102.70556907373441,201031JD002regimetestAAB_20201031_173042,B,2,8,glu-glu
na,SPX,1,center_radius,205.11705860685987,201031JD002regimetestAAB_20201031_173042,B,2,8,glu-glu
na,SPX,1,center_phi,2.6171659238811857,201031JD002regimetestAAB_20201031_173042,B,2,8,glu-glu
na,SPX,2,center_x,-184.8219920130153,201031JD002regimetestAAB_20201031_173042,B,2,8,glu-glu
na,SPX,2,center_y,46.453615050745896,201031JD002regimetestAAB_20201031_173042,B,2,8,glu-glu
na,SPX,2,center_radius,190.5704779942108,201031JD002regimetestAAB_20201031_173042,B,2,8,glu-glu
na,SPX,2,center_phi,2.89535089368466,201031JD002regimetestAAB_20201031_173042,B,2,8,glu-glu
na,SPX,3,center_x,-187.11205164485352,201031JD002regimetestAAB_20201031_173042,B,2,8,glu-glu
na,SPX,3,center_y,68.97975453739355,201031JD002regimetestAAB_20201031_173042,B,2,8,glu-glu
na,SPX,3,center_radius,199.4219807513339,201031JD002regimetestAAB_20201031_173042,B,2,8,glu-glu
na,SPX,3,center_phi,2.7883964764350204,201031JD002regimetestAAB_20201031_173042,B,2,8,glu-glu
na,SPX,4,center_x,-171.80791819565263,201031JD002regimetestAAB_20201031_173042,B,2,8,glu-glu
na,SPX,4,center_y,4.9923362429136375,201031JD002regimetestAAB_20201031_173042,B,2,8,glu-glu
na,SPX,4,center_radius,171.88043569844234,201031JD002regimetestAAB_20201031_173042,B,2,8,glu-glu
na,SPX,4,center_phi,3.1125431667117454,201031JD002regimetestAAB_20201031_173042,B,2,8,glu-glu
na,SPX,5,center_x,-183.98921075885474,201031JD002regimetestAAB_20201031_173042,B,2,8,glu-glu
na,SPX,5,center_y,32.84675311491844,201031JD002regimetestAAB_20201031_173042,B,2,8,glu-glu
na,SPX,5,center_radius,186.89820455493594,201031JD002regimetestAAB_20201031_173042,B,2,8,glu-glu
na,SPX,5,center_phi,2.964928374198174,201031JD002regimetestAAB_20201031_173042,B,2,8,glu-glu
na,SPX,6,center_x,-167.3364635303129,201031JD002regimetestAAB_20201031_173042,B,2,8,glu-glu
na,SPX,6,center_y,78.81005155132203,201031JD002regimetestAAB_20201031_173042,B,2,8,glu-glu
na,SPX,6,center_radius,184.966257064238,201031JD002regimetestAAB_20201031_173042,B,2,8,glu-glu
na,SPX,6,center_phi,2.7014395367027877,201031JD002regimetestAAB_20201031_173042,B,2,8,glu-glu
na,SPX,7,center_x,-154.57375980747565,201031JD002regimetestAAB_20201031_173042,B,2,8,glu-glu
na,SPX,7,center_y,13.807992797715002,201031JD002regimetestAAB_20201031_173042,B,2,8,glu-glu
na,SPX,7,center_radius,155.1892647257565,201031JD002regimetestAAB_20201031_173042,B,2,8,glu-glu
na,SPX,7,center_phi,3.0524996566020914,201031JD002regimetestAAB_20201031_173042,B,2,8,glu-glu
na,SPX,8,center_x,-151.10053253411093,201031JD002regimetestAAB_20201031_173042,B,2,8,glu-glu
na,SPX,8,center_y,101.76657255113133,201031JD002regimetestAAB_20201031_173042,B,2,8,glu-glu
na,SPX,8,center_radius,182.17520748141496,201031JD002regimetestAAB_20201031_173042,B,2,8,glu-glu
na,SPX,8,center_phi,2.548872532230108,201031JD002regimetestAAB_20201031_173042,B,2,8,glu-glu
na,SPX,9,center_x,-152.90234643965636,201031JD002regimetestAAB_20201031_173042,B,2,8,glu-glu
na,SPX,9,center_y,51.04289955196424,201031JD002regimetestAAB_20201031_173042,B,2,8,glu-glu
na,SPX,9,center_radius,161.19710028851202,201031JD002regimetestAAB_20201031_173042,B,2,8,glu-glu
na,SPX,9,center_phi,2.8193980536247287,201031JD002regimetestAAB_20201031_173042,B,2,8,glu-glu
na,SPX,10,center_x,-122.00126242235406,201031JD002regimetestAAB_20201031_173042,B,2,8,glu-glu
na,SPX,10,center_y,121.15931814574628,201031JD002regimetestAAB_20201031_173042,B,2,8,glu-glu
na,SPX,10,center_radius,171.94152612498897,201031JD002regimetestAAB_20201031_173042,B,2,8,glu-glu
na,SPX,10,center_phi,2.3596569795069993,201031JD002regimetestAAB_20201031_173042,B,2,8,glu-glu
na,SPX,11,center_x,-136.55781237497257,201031JD002regimetestAAB_20201031_173042,B,2,8,glu-glu
na,SPX,11,center_y,32.720615869990695,201031JD002regimetestAAB_20201031_173042,B,2,8,glu-glu
na,SPX,11,center_radius,140.4231990219198,201031JD002regimetestAAB_20201031_173042,B,2,8,glu-glu
na,SPX,11,center_phi,2.9064164757027373,201031JD002regimetestAAB_20201031_173042,B,2,8,glu-glu
na,SPX,12,center_x,-130.0804726974851,201031JD002regimetestAAB_20201031_173042,B,2,8,glu-glu
na,SPX,12,center_y,80.83840115393491,201031JD002regimetestAAB_20201031_173042,B,2,8,glu-glu
na,SPX,12,center_radius,153.15278802008692,201031JD002regimetestAAB_20201031_173042,B,2,8,glu-glu
na,SPX,12,center_phi,2.5855508234857023,201031JD002regimetestAAB_20201031_173042,B,2,8,glu-glu
na,SPX,13,center_x,-127.97864280895625,201031JD002regimetestAAB_20201031_173042,B,2,8,glu-glu
na,SPX,13,center_y,102.39204048238156,201031JD002regimetestAAB_20201031_173042,B,2,8,glu-glu
na,SPX,13,center_radius,163.89833119763017,201031JD002regimetestAAB_20201031_173042,B,2,8,glu-glu
na,SPX,13,center_phi,2.4668082307988763,201031JD002regimetestAAB_20201031_173042,B,2,8,glu-glu
na,SPX,14,center_x,-118.24296951155416,201031JD002regimetestAAB_20201031_173042,B,2,8,glu-glu
na,SPX,14,center_y,-5.235391378243008,201031JD002regimetestAAB_20201031_173042,B,2,8,glu-glu
na,SPX,14,center_radius,118.35881531087453,201031JD002regimetestAAB_20201031_173042,B,2,8,glu-glu
na,SPX,14,center_phi,-3.0973449977559344,201031JD002regimetestAAB_20201031_173042,B,2,8,glu-glu
na,SPX,15,center_x,-126.61129286717538,201031JD002regimetestAAB_20201031_173042,B,2,8,glu-glu
na,SPX,15,center_y,-16.75253490180077,201031JD002regimetestAAB_20201031_173042,B,2,8,glu-glu
na,SPX,15,center_radius,127.71478734717334,201031JD002regimetestAAB_20201031_173042,B,2,8,glu-glu
na,SPX,15,center_phi,-3.0100420977112643,201031JD002regimetestAAB_20201031_173042,B,2,8,glu-glu
na,SPX,16,center_x,-130.70518702567847,201031JD002regimetestAAB_20201031_173042,B,2,8,glu-glu
na,SPX,16,center_y,60.10217924322592,201031JD002regimetestAAB_20201031_173042,B,2,8,glu-glu
na,SPX,16,center_radius,143.86145371572763,201031JD002regimetestAAB_20201031_173042,B,2,8,glu-glu
na,SPX,16,center_phi,2.7105941495706984,201031JD002regimetestAAB_20201031_173042,B,2,8,glu-glu
na,SPX,17,center_x,-108.00482067680841,201031JD002regimetestAAB_20201031_173042,B,2,8,glu-glu
na,SPX,17,center_y,109.69684511540106,201031JD002regimetestAAB_20201031_173042,B,2,8,glu-glu
na,SPX,17,center_radius,153.94297358990383,201031JD002regimetestAAB_20201031_173042,B,2,8,glu-glu
na,SPX,17,center_phi,2.348422430371696,201031JD002regimetestAAB_20201031_173042,B,2,8,glu-glu
na,SPX,18,center_x,-106.30690625124903,201031JD002regimetestAAB_20201031_173042,B,2,8,glu-glu
na,SPX,18,center_y,52.21664193661451,201031JD002regimetestAAB_20201031_173042,B,2,8,glu-glu
na,SPX,18,center_radius,118.43874371103595,201031JD002regimetestAAB_20201031_173042,B,2,8,glu-glu
na,SPX,18,center_phi,2.6850197260976474,201031JD002regimetestAAB_20201031_173042,B,2,8,glu-glu
na,SPX,19,center_x,-105.24107360745994,201031JD002regimetestAAB_20201031_173042,B,2,8,glu-glu
na,SPX,19,center_y,26.314782630825533,201031JD002regimetestAAB_20201031_173042,B,2,8,glu-glu
na,SPX,19,center_radius,108.48111060898297,201031JD002regimetestAAB_20201031_173042,B,2,8,glu-glu
na,SPX,19,center_phi,2.8965736198827736,201031JD002regimetestAAB_20201031_173042,B,2,8,glu-glu
na,SPX,20,center_x,-103.54258109347508,201031JD002regimetestAAB_20201031_173042,B,2,8,glu-glu
na,SPX,20,center_y,72.68503335944865,201031JD002regimetestAAB_20201031_173042,B,2,8,glu-glu
na,SPX,20,center_radius,126.50762891605797,201031JD002regimetestAAB_20201031_173042,B,2,8,glu-glu
na,SPX,20,center_phi,2.529537692461888,201031JD002regimetestAAB_20201031_173042,B,2,8,glu-glu
na,SPX,21,center_x,-97.79252354283051,201031JD002regimetestAAB_20201031_173042,B,2,8,glu-glu
na,SPX,21,center_y,-32.40345486733375,201031JD002regimetestAAB_20201031_173042,B,2,8,glu-glu
na,SPX,21,center_radius,103.02117038849052,201031JD002regimetestAAB_20201031_173042,B,2,8,glu-glu
na,SPX,21,center_phi,-2.8216290612185997,201031JD002regimetestAAB_20201031_173042,B,2,8,glu-glu
na,SPX,22,center_x,-86.37783710933508,201031JD002regimetestAAB_20201031_173042,B,2,8,glu-glu
na,SPX,22,center_y,-7.221365572150205,201031JD002regimetestAAB_20201031_173042,B,2,8,glu-glu
na,SPX,22,center_radius,86.67917203350214,201031JD002regimetestAAB_20201031_173042,B,2,8,glu-glu
na,SPX,22,center_phi,-3.0581845490730046,201031JD002regimetestAAB_20201031_173042,B,2,8,glu-glu
na,SPX,23,center_x,-86.36493141709968,201031JD002regimetestAAB_20201031_173042,B,2,8,glu-glu
na,SPX,23,center_y,95.51883768214861,201031JD002regimetestAAB_20201031_173042,B,2,8,glu-glu
na,SPX,23,center_radius,128.77402583917686,201031JD002regimetestAAB_20201031_173042,B,2,8,glu-glu
na,SPX,23,center_phi,2.3059085891048845,201031JD002regimetestAAB_20201031_173042,B,2,8,glu-glu
na,SPX,24,center_x,-79.5820010281156,201031JD002regimetestAAB_20201031_173042,B,2,8,glu-glu
na,SPX,24,center_y,25.084980838440288,201031JD002regimetestAAB_20201031_173042,B,2,8,glu-glu
na,SPX,24,center_radius,83.44190285044984,201031JD002regimetestAAB_20201031_173042,B,2,8,glu-glu
na,SPX,24,center_phi,2.8362415020780496,201031JD002regimetestAAB_20201031_173042,B,2,8,glu-glu
na,SPX,25,center_x,-73.9968821687439,201031JD002regimetestAAB_20201031_173042,B,2,8,glu-glu
na,SPX,25,center_y,60.85126799846557,201031JD002regimetestAAB_20201031_173042,B,2,8,glu-glu
na,SPX,25,center_radius,95.80404682327386,201031JD002regimetestAAB_20201031_173042,B,2,8,glu-glu
na,SPX,25,center_phi,2.4533720043914715,201031JD002regimetestAAB_20201031_173042,B,2,8,glu-glu
na,SPX,26,center_x,-69.15716442680841,201031JD002regimetestAAB_20201031_173042,B,2,8,glu-glu
na,SPX,26,center_y,-53.3385440761127,201031JD002regimetestAAB_20201031_173042,B,2,8,glu-glu
na,SPX,26,center_radius,87.33678306255636,201031JD002regimetestAAB_20201031_173042,B,2,8,glu-glu
na,SPX,26,center_phi,-2.484619876253666,201031JD002regimetestAAB_20201031_173042,B,2,8,glu-glu
na,SPX,27,center_x,-62.380094363114154,201031JD002regimetestAAB_20201031_173042,B,2,8,glu-glu
na,SPX,27,center_y,121.5900701353055,201031JD002regimetestAAB_20201031_173042,B,2,8,glu-glu
na,SPX,27,center_radius,136.65804523795714,201031JD002regimetestAAB_20201031_173042,B,2,8,glu-glu
na,SPX,27,center_phi,2.0448183382846006,201031JD002regimetestAAB_20201031_173042,B,2,8,glu-glu
na,SPX,28,center_x,-57.38776551970457,201031JD002regimetestAAB_20201031_173042,B,2,8,glu-glu
na,SPX,28,center_y,-33.43432163664812,201031JD002regimetestAAB_20201031_173042,B,2,8,glu-glu
na,SPX,28,center_radius,66.41693680566298,201031JD002regimetestAAB_20201031_173042,B,2,8,glu-glu
na,SPX,28,center_phi,-2.6140628052743136,201031JD002regimetestAAB_20201031_173042,B,2,8,glu-glu
na,SPX,29,center_x,-47.46232874605724,201031JD002regimetestAAB_20201031_173042,B,2,8,glu-glu
na,SPX,29,center_y,122.27505264180951,201031JD002regimetestAAB_20201031_173042,B,2,8,glu-glu
na,SPX,29,center_radius,131.16349015086516,201031JD002regimetestAAB_20201031_173042,B,2,8,glu-glu
na,SPX,29,center_phi,1.9410546379821327,201031JD002regimetestAAB_20201031_173042,B,2,8,glu-glu
na,SPX,30,center_x,-58.10197388804363,201031JD002regimetestAAB_20201031_173042,B,2,8,glu-glu
na,SPX,30,center_y,2.2245353461829325,201031JD002regimetestAAB_20201031_173042,B,2,8,glu-glu
na,SPX,30,center_radius,58.144543399990006,201031JD002regimetestAAB_20201031_173042,B,2,8,glu-glu
na,SPX,30,center_phi,3.1033246019376874,201031JD002regimetestAAB_20201031_173042,B,2,8,glu-glu
na,SPX,31,center_x,-55.86276053386436,201031JD002regimetestAAB_20201031_173042,B,2,8,glu-glu
na,SPX,31,center_y,96.52454717592417,201031JD002regimetestAAB_20201031_173042,B,2,8,glu-glu
na,SPX,31,center_radius,111.52415084626774,201031JD002regimetestAAB_20201031_173042,B,2,8,glu-glu
na,SPX,31,center_phi,2.095437891601503,201031JD002regimetestAAB_20201031_173042,B,2,8,glu-glu
na,SPX,32,center_x,-57.01474018438415,201031JD002regimetestAAB_20201031_173042,B,2,8,glu-glu
na,SPX,32,center_y,50.76617513434047,201031JD002regimetestAAB_20201031_173042,B,2,8,glu-glu
na,SPX,32,center_radius,76.34058642729539,201031JD002regimetestAAB_20201031_173042,B,2,8,glu-glu
na,SPX,32,center_phi,2.414104357679402,201031JD002regimetestAAB_20201031_173042,B,2,8,glu-glu
na,SPX,33,center_x,-45.09108947611807,201031JD002regimetestAAB_20201031_173042,B,2,8,glu-glu
na,SPX,33,center_y,25.86079589819198,201031JD002regimetestAAB_20201031_173042,B,2,8,glu-glu
na,SPX,33,center_radius,51.98064172969808,201031JD002regimetestAAB_20201031_173042,B,2,8,glu-glu
na,SPX,33,center_phi,2.620868770047836,201031JD002regimetestAAB_20201031_173042,B,2,8,glu-glu
na,SPX,34,center_x,-45.56513988693109,201031JD002regimetestAAB_20201031_173042,B,2,8,glu-glu
na,SPX,34,center_y,-124.81610781788115,201031JD002regimetestAAB_20201031_173042,B,2,8,glu-glu
na,SPX,34,center_radius,132.87303241711814,201031JD002regimetestAAB_20201031_173042,B,2,8,glu-glu
na,SPX,34,center_phi,-1.9208225124017064,201031JD002regimetestAAB_20201031_173042,B,2,8,glu-glu
na,SPX,35,center_x,-28.053716150946343,201031JD002regimetestAAB_20201031_173042,B,2,8,glu-glu
na,SPX,35,center_y,114.5814311426999,201031JD002regimetestAAB_20201031_173042,B,2,8,glu-glu
na,SPX,35,center_radius,117.96573804536276,201031JD002regimetestAAB_20201031_173042,B,2,8,glu-glu
na,SPX,35,center_phi,1.8109093486856893,201031JD002regimetestAAB_20201031_173042,B,2,8,glu-glu
na,SPX,36,center_x,-32.261727164451,201031JD002regimetestAAB_20201031_173042,B,2,8,glu-glu
na,SPX,36,center_y,-57.28441825199437,201031JD002regimetestAAB_20201031_173042,B,2,8,glu-glu
na,SPX,36,center_radius,65.74438085572714,201031JD002regimetestAAB_20201031_173042,B,2,8,glu-glu
na,SPX,36,center_phi,-2.0837060183279363,201031JD002regimetestAAB_20201031_173042,B,2,8,glu-glu
na,SPX,37,center_x,-39.68137143849455,201031JD002regimetestAAB_20201031_173042,B,2,8,glu-glu
na,SPX,37,center_y,67.48893023121911,201031JD002regimetestAAB_20201031_173042,B,2,8,glu-glu
na,SPX,37,center_radius,78.29027361680461,201031JD002regimetestAAB_20201031_173042,B,2,8,glu-glu
na,SPX,37,center_phi,2.1023222315026873,201031JD002regimetestAAB_20201031_173042,B,2,8,glu-glu
na,SPX,38,center_x,-39.41638465863139,201031JD002regimetestAAB_20201031_173042,B,2,8,glu-glu
na,SPX,38,center_y,-97.58835435443561,201031JD002regimetestAAB_20201031_173042,B,2,8,glu-glu
na,SPX,38,center_radius,105.24798470832629,201031JD002regimetestAAB_20201031_173042,B,2,8,glu-glu
na,SPX,38,center_phi,-1.9546641947119665,201031JD002regimetestAAB_20201031_173042,B,2,8,glu-glu
na,SPX,39,center_x,-42.51608090536371,201031JD002regimetestAAB_20201031_173042,B,2,8,glu-glu
na,SPX,39,center_y,-64.9194121151294,201031JD002regimetestAAB_20201031_173042,B,2,8,glu-glu
na,SPX,39,center_radius,77.60249483699246,201031JD002regimetestAAB_20201031_173042,B,2,8,glu-glu
na,SPX,39,center_phi,-2.15061233653081,201031JD002regimetestAAB_20201031_173042,B,2,8,glu-glu
na,SPX,40,center_x,-28.441692728695187,201031JD002regimetestAAB_20201031_173042,B,2,8,glu-glu
na,SPX,40,center_y,-7.4722925614857445,201031JD002regimetestAAB_20201031_173042,B,2,8,glu-glu
na,SPX,40,center_radius,29.40688765235022,201031JD002regimetestAAB_20201031_173042,B,2,8,glu-glu
na,SPX,40,center_phi,-2.8846755218962117,201031JD002regimetestAAB_20201031_173042,B,2,8,glu-glu
na,SPX,41,center_x,-35.21210948175346,201031JD002regimetestAAB_20201031_173042,B,2,8,glu-glu
na,SPX,41,center_y,136.0106972788626,201031JD002regimetestAAB_20201031_173042,B,2,8,glu-glu
na,SPX,41,center_radius,140.49484840533262,201031JD002regimetestAAB_20201031_173042,B,2,8,glu-glu
na,SPX,41,center_phi,1.8241264569299973,201031JD002regimetestAAB_20201031_173042,B,2,8,glu-glu
na,SPX,42,center_x,-27.633100255685406,201031JD002regimetestAAB_20201031_173042,B,2,8,glu-glu
na,SPX,42,center_y,-163.59995677296791,201031JD002regimetestAAB_20201031_173042,B,2,8,glu-glu
na,SPX,42,center_radius,165.9172507181147,201031JD002regimetestAAB_20201031_173042,B,2,8,glu-glu
na,SPX,42,center_phi,-1.738123531496601,201031JD002regimetestAAB_20201031_173042,B,2,8,glu-glu
na,SPX,43,center_x,-28.133016699535688,201031JD002regimetestAAB_20201031_173042,B,2,8,glu-glu
na,SPX,43,center_y,-36.351627895962565,201031JD002regimetestAAB_20201031_173042,B,2,8,glu-glu
na,SPX,43,center_radius,45.96637335382113,201031JD002regimetestAAB_20201031_173042,B,2,8,glu-glu
na,SPX,43,center_phi,-2.2294272599416547,201031JD002regimetestAAB_20201031_173042,B,2,8,glu-glu
na,SPX,44,center_x,-25.194855828457406,201031JD002regimetestAAB_20201031_173042,B,2,8,glu-glu
na,SPX,44,center_y,-134.766280160659,201031JD002regimetestAAB_20201031_173042,B,2,8,glu-glu
na,SPX,44,center_radius,137.1011707774882,201031JD002regimetestAAB_20201031_173042,B,2,8,glu-glu
na,SPX,44,center_phi,-1.7556150522745984,201031JD002regimetestAAB_20201031_173042,B,2,8,glu-glu
na,SPX,45,center_x,-19.929498720756527,201031JD002regimetestAAB_20201031_173042,B,2,8,glu-glu
na,SPX,45,center_y,-103.02200057083813,201031JD002regimetestAAB_20201031_173042,B,2,8,glu-glu
na,SPX,45,center_radius,104.9319661536865,201031JD002regimetestAAB_20201031_173042,B,2,8,glu-glu
na,SPX,45,center_phi,-1.7618849462901731,201031JD002regimetestAAB_20201031_173042,B,2,8,glu-glu
na,SPX,46,center_x,-15.220512843097993,201031JD002regimetestAAB_20201031_173042,B,2,8,glu-glu
na,SPX,46,center_y,90.93754494100438,201031JD002regimetestAAB_20201031_173042,B,2,8,glu-glu
na,SPX,46,center_radius,92.20250046015076,201031JD002regimetestAAB_20201031_173042,B,2,8,glu-glu
na,SPX,46,center_phi,1.7366324160950988,201031JD002regimetestAAB_20201031_173042,B,2,8,glu-glu
na,SPX,47,center_x,-15.374307283951254,201031JD002regimetestAAB_20201031_173042,B,2,8,glu-glu
na,SPX,47,center_y,-74.42890711674178,201031JD002regimetestAAB_20201031_173042,B,2,8,glu-glu
na,SPX,47,center_radius,76.00020749349262,201031JD002regimetestAAB_20201031_173042,B,2,8,glu-glu
na,SPX,47,center_phi,-1.7744950561534998,201031JD002regimetestAAB_20201031_173042,B,2,8,glu-glu
na,SPX,48,center_x,-19.871870309161352,201031JD002regimetestAAB_20201031_173042,B,2,8,glu-glu
na,SPX,48,center_y,31.456059269812812,201031JD002regimetestAAB_20201031_173042,B,2,8,glu-glu
na,SPX,48,center_radius,37.207188745860726,201031JD002regimetestAAB_20201031_173042,B,2,8,glu-glu
na,SPX,48,center_phi,2.134223605599628,201031JD002regimetestAAB_20201031_173042,B,2,8,glu-glu
na,SPX,49,center_x,-5.678291187371798,201031JD002regimetestAAB_20201031_173042,B,2,8,glu-glu
na,SPX,49,center_y,-164.14748256945808,201031JD002regimetestAAB_20201031_173042,B,2,8,glu-glu
na,SPX,49,center_radius,164.24566668469257,201031JD002regimetestAAB_20201031_173042,B,2,8,glu-glu
na,SPX,49,center_phi,-1.6053751564491812,201031JD002regimetestAAB_20201031_173042,B,2,8,glu-glu
na,SPX,50,center_x,-10.24686139650538,201031JD002regimetestAAB_20201031_173042,B,2,8,glu-glu
na,SPX,50,center_y,50.134659982825326,201031JD002regimetestAAB_20201031_173042,B,2,8,glu-glu
na,SPX,50,center_radius,51.17110805984857,201031JD002regimetestAAB_20201031_173042,B,2,8,glu-glu
na,SPX,50,center_phi,1.7724063577826623,201031JD002regimetestAAB_20201031_173042,B,2,8,glu-glu
na,SPX,51,center_x,3.5598167052670533,201031JD002regimetestAAB_20201031_173042,B,2,8,glu-glu
na,SPX,51,center_y,124.21374517436334,201031JD002regimetestAAB_20201031_173042,B,2,8,glu-glu
na,SPX,51,center_radius,124.26474473967573,201031JD002regimetestAAB_20201031_173042,B,2,8,glu-glu
na,SPX,51,center_phi,1.5421453704181685,201031JD002regimetestAAB_20201031_173042,B,2,8,glu-glu
na,SPX,52,center_x,16.950875774196618,201031JD002regimetestAAB_20201031_173042,B,2,8,glu-glu
na,SPX,52,center_y,142.791331217788,201031JD002regimetestAAB_20201031_173042,B,2,8,glu-glu
na,SPX,52,center_radius,143.79393749550184,201031JD002regimetestAAB_20201031_173042,B,2,8,glu-glu
na,SPX,52,center_phi,1.4526384749572419,201031JD002regimetestAAB_20201031_173042,B,2,8,glu-glu
na,SPX,53,center_x,1.9996152342085338,201031JD002regimetestAAB_20201031_173042,B,2,8,glu-glu
na,SPX,53,center_y,-135.64217103925995,201031JD002regimetestAAB_20201031_173042,B,2,8,glu-glu
na,SPX,53,center_radius,135.6569092428717,201031JD002regimetestAAB_20201031_173042,B,2,8,glu-glu
na,SPX,53,center_phi,-1.556055554184077,201031JD002regimetestAAB_20201031_173042,B,2,8,glu-glu
na,SPX,54,center_x,3.291515925097741,201031JD002regimetestAAB_20201031_173042,B,2,8,glu-glu
na,SPX,54,center_y,-32.78534001717469,201031JD002regimetestAAB_20201031_173042,B,2,8,glu-glu
na,SPX,54,center_radius,32.95015321856528,201031JD002regimetestAAB_20201031_173042,B,2,8,glu-glu
na,SPX,54,center_phi,-1.470735642837021,201031JD002regimetestAAB_20201031_173042,B,2,8,glu-glu
na,SPX,55,center_x,7.829858473954943,201031JD002regimetestAAB_20201031_173042,B,2,8,glu-glu
na,SPX,55,center_y,4.598953297652969,201031JD002regimetestAAB_20201031_173042,B,2,8,glu-glu
na,SPX,55,center_radius,9.080586718717967,201031JD002regimetestAAB_20201031_173042,B,2,8,glu-glu
na,SPX,55,center_phi,0.5310742597214311,201031JD002regimetestAAB_20201031_173042,B,2,8,glu-glu
na,SPX,56,center_x,10.48177068134467,201031JD002regimetestAAB_20201031_173042,B,2,8,glu-glu
na,SPX,56,center_y,-87.88383747091342,201031JD002regimetestAAB_20201031_173042,B,2,8,glu-glu
na,SPX,56,center_radius,88.5067026005953,201031JD002regimetestAAB_20201031_173042,B,2,8,glu-glu
na,SPX,56,center_phi,-1.4520886102678838,201031JD002regimetestAAB_20201031_173042,B,2,8,glu-glu
na,SPX,57,center_x,8.89640700176301,201031JD002regimetestAAB_20201031_173042,B,2,8,glu-glu
na,SPX,57,center_y,-57.245621402456095,201031JD002regimetestAAB_20201031_173042,B,2,8,glu-glu
na,SPX,57,center_radius,57.93278197440856,201031JD002regimetestAAB_20201031_173042,B,2,8,glu-glu
na,SPX,57,center_phi,-1.4166219736859336,201031JD002regimetestAAB_20201031_173042,B,2,8,glu-glu
na,SPX,58,center_x,-1.604664426808398,201031JD002regimetestAAB_20201031_173042,B,2,8,glu-glu
na,SPX,58,center_y,70.71473574040107,201031JD002regimetestAAB_20201031_173042,B,2,8,glu-glu
na,SPX,58,center_radius,70.73293998383936,201031JD002regimetestAAB_20201031_173042,B,2,8,glu-glu
na,SPX,58,center_phi,1.5934845128549053,201031JD002regimetestAAB_20201031_173042,B,2,8,glu-glu
na,SPX,59,center_x,14.73336188898108,201031JD002regimetestAAB_20201031_173042,B,2,8,glu-glu
na,SPX,59,center_y,90.5953936351379,201031JD002regimetestAAB_20201031_173042,B,2,8,glu-glu
na,SPX,59,center_radius,91.78560508302631,201031JD002regimetestAAB_20201031_173042,B,2,8,glu-glu
na,SPX,59,center_phi,1.4095795649873841,201031JD002regimetestAAB_20201031_173042,B,2,8,glu-glu
na,SPX,60,center_x,20.433703153100282,201031JD002regimetestAAB_20201031_173042,B,2,8,glu-glu
na,SPX,60,center_y,41.356710626245814,201031JD002regimetestAAB_20201031_173042,B,2,8,glu-glu
na,SPX,60,center_radius,46.12931539023806,201031JD002regimetestAAB_20201031_173042,B,2,8,glu-glu
na,SPX,60,center_phi,1.111892433652519,201031JD002regimetestAAB_20201031_173042,B,2,8,glu-glu
na,SPX,61,center_x,22.26618297122255,201031JD002regimetestAAB_20201031_173042,B,2,8,glu-glu
na,SPX,61,center_y,-172.16137888688445,201031JD002regimetestAAB_20201031_173042,B,2,8,glu-glu
na,SPX,61,center_radius,173.59528589319856,201031JD002regimetestAAB_20201031_173042,B,2,8,glu-glu
na,SPX,61,center_phi,-1.4421770916377339,201031JD002regimetestAAB_20201031_173042,B,2,8,glu-glu
na,SPX,62,center_x,17.880442410798423,201031JD002regimetestAAB_20201031_173042,B,2,8,glu-glu
na,SPX,62,center_y,64.06283403099934,201031JD002regimetestAAB_20201031_173042,B,2,8,glu-glu
na,SPX,62,center_radius,66.51132929726518,201031JD002regimetestAAB_20201031_173042,B,2,8,glu-glu
na,SPX,62,center_phi,1.2986150688527611,201031JD002regimetestAAB_20201031_173042,B,2,8,glu-glu
na,SPX,63,center_x,19.334426776296368,201031JD002regimetestAAB_20201031_173042,B,2,8,glu-glu
na,SPX,63,center_y,-106.66295184045275,201031JD002regimetestAAB_20201031_173042,B,2,8,glu-glu
na,SPX,63,center_radius,108.4011317011345,201031JD002regimetestAAB_20201031_173042,B,2,8,glu-glu
na,SPX,63,center_phi,-1.391476844934686,201031JD002regimetestAAB_20201031_173042,B,2,8,glu-glu
na,SPX,64,center_x,24.811414808164272,201031JD002regimetestAAB_20201031_173042,B,2,8,glu-glu
na,SPX,64,center_y,-144.23541453282297,201031JD002regimetestAAB_20201031_173042,B,2,8,glu-glu
na,SPX,64,center_radius,146.35388997303104,201031JD002regimetestAAB_20201031_173042,B,2,8,glu-glu
na,SPX,64,center_phi,-1.400443304185325,201031JD002regimetestAAB_20201031_173042,B,2,8,glu-glu
na,SPX,65,center_x,33.73913186948786,201031JD002regimetestAAB_20201031_173042,B,2,8,glu-glu
na,SPX,65,center_y,103.51593944410479,201031JD002regimetestAAB_20201031_173042,B,2,8,glu-glu
na,SPX,65,center_radius,108.87551946283546,201031JD002regimetestAAB_20201031_173042,B,2,8,glu-glu
na,SPX,65,center_phi,1.2557219176450944,201031JD002regimetestAAB_20201031_173042,B,2,8,glu-glu
na,SPX,66,center_x,41.06453368639913,201031JD002regimetestAAB_20201031_173042,B,2,8,glu-glu
na,SPX,66,center_y,-178.4805944482782,201031JD002regimetestAAB_20201031_173042,B,2,8,glu-glu
na,SPX,66,center_radius,183.14371002437449,201031JD002regimetestAAB_20201031_173042,B,2,8,glu-glu
na,SPX,66,center_phi,-1.3446534573285835,201031JD002regimetestAAB_20201031_173042,B,2,8,glu-glu
na,SPX,67,center_x,39.37564397214172,201031JD002regimetestAAB_20201031_173042,B,2,8,glu-glu
na,SPX,67,center_y,21.57066093725146,201031JD002regimetestAAB_20201031_173042,B,2,8,glu-glu
na,SPX,67,center_radius,44.89693476720573,201031JD002regimetestAAB_20201031_173042,B,2,8,glu-glu
na,SPX,67,center_phi,0.5011659276937644,201031JD002regimetestAAB_20201031_173042,B,2,8,glu-glu
na,SPX,68,center_x,41.95866291132111,201031JD002regimetestAAB_20201031_173042,B,2,8,glu-glu
na,SPX,68,center_y,-34.175246273987426,201031JD002regimetestAAB_20201031_173042,B,2,8,glu-glu
na,SPX,68,center_radius,54.115403086307744,201031JD002regimetestAAB_20201031_173042,B,2,8,glu-glu
na,SPX,68,center_phi,-0.6835188690389964,201031JD002regimetestAAB_20201031_173042,B,2,8,glu-glu
na,SPX,69,center_x,38.02877121085547,201031JD002regimetestAAB_20201031_173042,B,2,8,glu-glu
na,SPX,69,center_y,-6.759587859122178,201031JD002regimetestAAB_20201031_173042,B,2,8,glu-glu
na,SPX,69,center_radius,38.62485557038086,201031JD002regimetestAAB_20201031_173042,B,2,8,glu-glu
na,SPX,69,center_phi,-0.17591203011132642,201031JD002regimetestAAB_20201031_173042,B,2,8,glu-glu
na,SPX,70,center_x,35.47516520869081,201031JD002regimetestAAB_20201031_173042,B,2,8,glu-glu
na,SPX,70,center_y,125.71708518572592,201031JD002regimetestAAB_20201031_173042,B,2,8,glu-glu
na,SPX,70,center_radius,130.62646307000347,201031JD002regimetestAAB_20201031_173042,B,2,8,glu-glu
na,SPX,70,center_phi,1.2957649129332771,201031JD002regimetestAAB_20201031_173042,B,2,8,glu-glu
na,SPX,71,center_x,37.58918593815511,201031JD002regimetestAAB_20201031_173042,B,2,8,glu-glu
na,SPX,71,center_y,-64.10805623040187,201031JD002regimetestAAB_20201031_173042,B,2,8,glu-glu
na,SPX,71,center_radius,74.31547465456684,201031JD002regimetestAAB_20201031_173042,B,2,8,glu-glu
na,SPX,71,center_phi,-1.040480705606585,201031JD002regimetestAAB_20201031_173042,B,2,8,glu-glu
na,SPX,72,center_x,36.85826767195701,201031JD002regimetestAAB_20201031_173042,B,2,8,glu-glu
na,SPX,72,center_y,-117.01387537071005,201031JD002regimetestAAB_20201031_173042,B,2,8,glu-glu
na,SPX,72,center_radius,122.68161608427603,201031JD002regimetestAAB_20201031_173042,B,2,8,glu-glu
na,SPX,72,center_phi,-1.2656440780890288,201031JD002regimetestAAB_20201031_173042,B,2,8,glu-glu
na,SPX,73,center_x,41.519664841484285,201031JD002regimetestAAB_20201031_173042,B,2,8,glu-glu
na,SPX,73,center_y,87.11857720381568,201031JD002regimetestAAB_20201031_173042,B,2,8,glu-glu
na,SPX,73,center_radius,96.5066270396307,201031JD002regimetestAAB_20201031_173042,B,2,8,glu-glu
na,SPX,73,center_phi,1.12605315650102,201031JD002regimetestAAB_20201031_173042,B,2,8,glu-glu
na,SPX,74,center_x,51.48928271357286,201031JD002regimetestAAB_20201031_173042,B,2,8,glu-glu
na,SPX,74,center_y,-81.88738297710327,201031JD002regimetestAAB_20201031_173042,B,2,8,glu-glu
na,SPX,74,center_radius,96.72998358935565,201031JD002regimetestAAB_20201031_173042,B,2,8,glu-glu
na,SPX,74,center_phi,-1.0094822527916139,201031JD002regimetestAAB_20201031_173042,B,2,8,glu-glu
na,SPX,75,center_x,57.76015498137261,201031JD002regimetestAAB_20201031_173042,B,2,8,glu-glu
na,SPX,75,center_y,68.7363784732122,201031JD002regimetestAAB_20201031_173042,B,2,8,glu-glu
na,SPX,75,center_radius,89.78265550252372,201031JD002regimetestAAB_20201031_173042,B,2,8,glu-glu
na,SPX,75,center_phi,0.8719523130797495,201031JD002regimetestAAB_20201031_173042,B,2,8,glu-glu
na,SPX,76,center_x,64.1015825219304,201031JD002regimetestAAB_20201031_173042,B,2,8,glu-glu
na,SPX,76,center_y,120.40754900321633,201031JD002regimetestAAB_20201031_173042,B,2,8,glu-glu
na,SPX,76,center_radius,136.407443853984,201031JD002regimetestAAB_20201031_173042,B,2,8,glu-glu
na,SPX,76,center_phi,1.0815879049695847,201031JD002regimetestAAB_20201031_173042,B,2,8,glu-glu
na,SPX,77,center_x,48.316519783717894,201031JD002regimetestAAB_20201031_173042,B,2,8,glu-glu
na,SPX,77,center_y,-161.8003206505764,201031JD002regimetestAAB_20201031_173042,B,2,8,glu-glu
na,SPX,77,center_radius,168.86038566413302,201031JD002regimetestAAB_20201031_173042,B,2,8,glu-glu
na,SPX,77,center_phi,-1.280607724499627,201031JD002regimetestAAB_20201031_173042,B,2,8,glu-glu
na,SPX,78,center_x,59.605531787411365,201031JD002regimetestAAB_20201031_173042,B,2,8,glu-glu
na,SPX,78,center_y,31.33788670993016,201031JD002regimetestAAB_20201031_173042,B,2,8,glu-glu
na,SPX,78,center_radius,67.34153668505438,201031JD002regimetestAAB_20201031_173042,B,2,8,glu-glu
na,SPX,78,center_phi,0.4840384260359226,201031JD002regimetestAAB_20201031_173042,B,2,8,glu-glu
na,SPX,79,center_x,54.80570686032033,201031JD002regimetestAAB_20201031_173042,B,2,8,glu-glu
na,SPX,79,center_y,-134.327269210094,201031JD002regimetestAAB_20201031_173042,B,2,8,glu-glu
na,SPX,79,center_radius,145.07749914407964,201031JD002regimetestAAB_20201031_173042,B,2,8,glu-glu
na,SPX,79,center_phi,-1.183411323720184,201031JD002regimetestAAB_20201031_173042,B,2,8,glu-glu
na,SPX,80,center_x,55.289821020177015,201031JD002regimetestAAB_20201031_173042,B,2,8,glu-glu
na,SPX,80,center_y,-115.54127777311245,201031JD002regimetestAAB_20201031_173042,B,2,8,glu-glu
na,SPX,80,center_radius,128.08884095769912,201031JD002regimetestAAB_20201031_173042,B,2,8,glu-glu
na,SPX,80,center_phi,-1.1244728026579824,201031JD002regimetestAAB_20201031_173042,B,2,8,glu-glu
na,SPX,81,center_x,66.87867786709839,201031JD002regimetestAAB_20201031_173042,B,2,8,glu-glu
na,SPX,81,center_y,-60.63110954036358,201031JD002regimetestAAB_20201031_173042,B,2,8,glu-glu
na,SPX,81,center_radius,90.27119694202955,201031JD002regimetestAAB_20201031_173042,B,2,8,glu-glu
na,SPX,81,center_phi,-0.7364405408990504,201031JD002regimetestAAB_20201031_173042,B,2,8,glu-glu
na,SPX,82,center_x,67.48440503236444,201031JD002regimetestAAB_20201031_173042,B,2,8,glu-glu
na,SPX,82,center_y,-97.64176213870816,201031JD002regimetestAAB_20201031_173042,B,2,8,glu-glu
na,SPX,82,center_radius,118.69312800716087,201031JD002regimetestAAB_20201031_173042,B,2,8,glu-glu
na,SPX,82,center_phi,-0.9660395309952211,201031JD002regimetestAAB_20201031_173042,B,2,8,glu-glu
na,SPX,83,center_x,63.447931114592876,201031JD002regimetestAAB_20201031_173042,B,2,8,glu-glu
na,SPX,83,center_y,144.1187325556877,201031JD002regimetestAAB_20201031_173042,B,2,8,glu-glu
na,SPX,83,center_radius,157.46697760540133,201031JD002regimetestAAB_20201031_173042,B,2,8,glu-glu
na,SPX,83,center_phi,1.1560820024527731,201031JD002regimetestAAB_20201031_173042,B,2,8,glu-glu
na,SPX,84,center_x,68.3811987445471,201031JD002regimetestAAB_20201031_173042,B,2,8,glu-glu
na,SPX,84,center_y,-153.45103791688794,201031JD002regimetestAAB_20201031_173042,B,2,8,glu-glu
na,SPX,84,center_radius,167.9976469463529,201031JD002regimetestAAB_20201031_173042,B,2,8,glu-glu
na,SPX,84,center_phi,-1.151588888243628,201031JD002regimetestAAB_20201031_173042,B,2,8,glu-glu
na,SPX,85,center_x,76.01326446709677,201031JD002regimetestAAB_20201031_173042,B,2,8,glu-glu
na,SPX,85,center_y,96.26230346049135,201031JD002regimetestAAB_20201031_173042,B,2,8,glu-glu
na,SPX,85,center_radius,122.65580884110024,201031JD002regimetestAAB_20201031_173042,B,2,8,glu-glu
na,SPX,85,center_phi,0.9023999852873227,201031JD002regimetestAAB_20201031_173042,B,2,8,glu-glu
na,SPX,86,center_x,80.23852522836401,201031JD002regimetestAAB_20201031_173042,B,2,8,glu-glu
na,SPX,86,center_y,0.43516677488381106,201031JD002regimetestAAB_20201031_173042,B,2,8,glu-glu
na,SPX,86,center_radius,80.23970526456817,201031JD002regimetestAAB_20201031_173042,B,2,8,glu-glu
na,SPX,86,center_phi,0.005423361248714224,201031JD002regimetestAAB_20201031_173042,B,2,8,glu-glu
na,SPX,87,center_x,76.34001867178316,201031JD002regimetestAAB_20201031_173042,B,2,8,glu-glu
na,SPX,87,center_y,-37.96156707650036,201031JD002regimetestAAB_20201031_173042,B,2,8,glu-glu
na,SPX,87,center_radius,85.257721208767,201031JD002regimetestAAB_20201031_173042,B,2,8,glu-glu
na,SPX,87,center_phi,-0.4614608677825967,201031JD002regimetestAAB_20201031_173042,B,2,8,glu-glu
na,SPX,88,center_x,79.1067244620805,201031JD002regimetestAAB_20201031_173042,B,2,8,glu-glu
na,SPX,88,center_y,-163.83563462996932,201031JD002regimetestAAB_20201031_173042,B,2,8,glu-glu
na,SPX,88,center_radius,181.9340238375558,201031JD002regimetestAAB_20201031_173042,B,2,8,glu-glu
na,SPX,88,center_phi,-1.1209691009922584,201031JD002regimetestAAB_20201031_173042,B,2,8,glu-glu
na,SPX,89,center_x,85.72162345197947,201031JD002regimetestAAB_20201031_173042,B,2,8,glu-glu
na,SPX,89,center_y,-117.1914006232353,201031JD002regimetestAAB_20201031_173042,B,2,8,glu-glu
na,SPX,89,center_radius,145.1964913738572,201031JD002regimetestAAB_20201031_173042,B,2,8,glu-glu
na,SPX,89,center_phi,-0.9392623328358891,201031JD002regimetestAAB_20201031_173042,B,2,8,glu-glu
na,SPX,90,center_x,84.17058231434615,201031JD002regimetestAAB_20201031_173042,B,2,8,glu-glu
na,SPX,90,center_y,30.624004827924352,201031JD002regimetestAAB_20201031_173042,B,2,8,glu-glu
na,SPX,90,center_radius,89.56850226969777,201031JD002regimetestAAB_20201031_173042,B,2,8,glu-glu
na,SPX,90,center_phi,0.34894434260319984,201031JD002regimetestAAB_20201031_173042,B,2,8,glu-glu
na,SPX,91,center_x,86.96188319223918,201031JD002regimetestAAB_20201031_173042,B,2,8,glu-glu
na,SPX,91,center_y,56.54485478802013,201031JD002regimetestAAB_20201031_173042,B,2,8,glu-glu
na,SPX,91,center_radius,103.72892427543503,201031JD002regimetestAAB_20201031_173042,B,2,8,glu-glu
na,SPX,91,center_phi,0.5765338961605732,201031JD002regimetestAAB_20201031_173042,B,2,8,glu-glu
na,SPX,92,center_x,85.86474792378922,201031JD002regimetestAAB_20201031_173042,B,2,8,glu-glu
na,SPX,92,center_y,-132.83254513609296,201031JD002regimetestAAB_20201031_173042,B,2,8,glu-glu
na,SPX,92,center_radius,158.16839122703385,201031JD002regimetestAAB_20201031_173042,B,2,8,glu-glu
na,SPX,92,center_phi,-0.9969465181310412,201031JD002regimetestAAB_20201031_173042,B,2,8,glu-glu
na,SPX,93,center_x,95.18446903932707,201031JD002regimetestAAB_20201031_173042,B,2,8,glu-glu
na,SPX,93,center_y,-19.16023437912085,201031JD002regimetestAAB_20201031_173042,B,2,8,glu-glu
na,SPX,93,center_radius,97.09375740881315,201031JD002regimetestAAB_20201031_173042,B,2,8,glu-glu
na,SPX,93,center_phi,-0.19864121575204327,201031JD002regimetestAAB_20201031_173042,B,2,8,glu-glu
na,SPX,94,center_x,82.81745486253172,201031JD002regimetestAAB_20201031_173042,B,2,8,glu-glu
na,SPX,94,center_y,131.01792101958887,201031JD002regimetestAAB_20201031_173042,B,2,8,glu-glu
na,SPX,94,center_radius,154.99814985412794,201031JD002regimetestAAB_20201031_173042,B,2,8,glu-glu
na,SPX,94,center_phi,1.0071020769572316,201031JD002regimetestAAB_20201031_173042,B,2,8,glu-glu
na,SPX,95,center_x,90.37503254288859,201031JD002regimetestAAB_20201031_173042,B,2,8,glu-glu
na,SPX,95,center_y,-83.94443092626561,201031JD002regimetestAAB_20201031_173042,B,2,8,glu-glu
na,SPX,95,center_radius,123.34631729671848,201031JD002regimetestAAB_20201031_173042,B,2,8,glu-glu
na,SPX,95,center_phi,-0.7485251325143136,201031JD002regimetestAAB_20201031_173042,B,2,8,glu-glu
na,SPX,96,center_x,95.12650319496808,201031JD002regimetestAAB_20201031_173042,B,2,8,glu-glu
na,SPX,96,center_y,-51.941804374212126,201031JD002regimetestAAB_20201031_173042,B,2,8,glu-glu
na,SPX,96,center_radius,108.38359032506348,201031JD002regimetestAAB_20201031_173042,B,2,8,glu-glu
na,SPX,96,center_phi,-0.4997891444825442,201031JD002regimetestAAB_20201031_173042,B,2,8,glu-glu
na,SPX,97,center_x,97.76193371642765,201031JD002regimetestAAB_20201031_173042,B,2,8,glu-glu
na,SPX,97,center_y,81.83563096586528,201031JD002regimetestAAB_20201031_173042,B,2,8,glu-glu
na,SPX,97,center_radius,127.49300443379818,201031JD002regimetestAAB_20201031_173042,B,2,8,glu-glu
na,SPX,97,center_phi,0.6969517978144119,201031JD002regimetestAAB_20201031_173042,B,2,8,glu-glu
na,SPX,98,center_x,109.17790050825656,201031JD002regimetestAAB_20201031_173042,B,2,8,glu-glu
na,SPX,98,center_y,-99.85114088297556,201031JD002regimetestAAB_20201031_173042,B,2,8,glu-glu
na,SPX,98,center_radius,147.95291242494216,201031JD002regimetestAAB_20201031_173042,B,2,8,glu-glu
na,SPX,98,center_phi,-0.7408082948605764,201031JD002regimetestAAB_20201031_173042,B,2,8,glu-glu
na,SPX,99,center_x,106.05675309896478,201031JD002regimetestAAB_20201031_173042,B,2,8,glu-glu
na,SPX,99,center_y,18.307287286792814,201031JD002regimetestAAB_20201031_173042,B,2,8,glu-glu
na,SPX,99,center_radius,107.62523702968528,201031JD002regimetestAAB_20201031_173042,B,2,8,glu-glu
na,SPX,99,center_phi,0.17093335789036282,201031JD002regimetestAAB_20201031_173042,B,2,8,glu-glu
na,SPX,100,center_x,112.65403701853936,201031JD002regimetestAAB_20201031_173042,B,2,8,glu-glu
na,SPX,100,center_y,42.63438569523393,201031JD002regimetestAAB_20201031_173042,B,2,8,glu-glu
na,SPX,100,center_radius,120.45174511058111,201031JD002regimetestAAB_20201031_173042,B,2,8,glu-glu
na,SPX,100,center_phi,0.3617955053418739,201031JD002regimetestAAB_20201031_173042,B,2,8,glu-glu
na,SPX,101,center_x,104.62653463275271,201031JD002regimetestAAB_20201031_173042,B,2,8,glu-glu
na,SPX,101,center_y,105.38602884384932,201031JD002regimetestAAB_20201031_173042,B,2,8,glu-glu
na,SPX,101,center_radius,148.502278853677,201031JD002regimetestAAB_20201031_173042,B,2,8,glu-glu
na,SPX,101,center_phi,0.7890145703758279,201031JD002regimetestAAB_20201031_173042,B,2,8,glu-glu
na,SPX,102,center_x,108.9490084126978,201031JD002regimetestAAB_20201031_173042,B,2,8,glu-glu
na,SPX,102,center_y,-124.91171487688288,201031JD002regimetestAAB_20201031_173042,B,2,8,glu-glu
na,SPX,102,center_radius,165.74927736673175,201031JD002regimetestAAB_20201031_173042,B,2,8,glu-glu
na,SPX,102,center_phi,-0.8535497747406556,201031JD002regimetestAAB_20201031_173042,B,2,8,glu-glu
na,SPX,103,center_x,109.08126973689266,201031JD002regimetestAAB_20201031_173042,B,2,8,glu-glu
na,SPX,103,center_y,-138.0170881030153,201031JD002regimetestAAB_20201031_173042,B,2,8,glu-glu
na,SPX,103,center_radius,175.9188449707655,201031JD002regimetestAAB_20201031_173042,B,2,8,glu-glu
na,SPX,103,center_phi,-0.9019696813004452,201031JD002regimetestAAB_20201031_173042,B,2,8,glu-glu
na,SPX,104,center_x,116.05094368129969,201031JD002regimetestAAB_20201031_173042,B,2,8,glu-glu
na,SPX,104,center_y,74.72628979445511,201031JD002regimetestAAB_20201031_173042,B,2,8,glu-glu
na,SPX,104,center_radius,138.0284025690549,201031JD002regimetestAAB_20201031_173042,B,2,8,glu-glu
na,SPX,104,center_phi,0.5720816582248651,201031JD002regimetestAAB_20201031_173042,B,2,8,glu-glu
na,SPX,105,center_x,114.01530655163273,201031JD002regimetestAAB_20201031_173042,B,2,8,glu-glu
na,SPX,105,center_y,-75.61317056142315,201031JD002regimetestAAB_20201031_173042,B,2,8,glu-glu
na,SPX,105,center_radius,136.80950877191853,201031JD002regimetestAAB_20201031_173042,B,2,8,glu-glu
na,SPX,105,center_phi,-0.5855879145437242,201031JD002regimetestAAB_20201031_173042,B,2,8,glu-glu
na,SPX,106,center_x,123.35358826136363,201031JD002regimetestAAB_20201031_173042,B,2,8,glu-glu
na,SPX,106,center_y,-34.930990066050555,201031JD002regimetestAAB_20201031_173042,B,2,8,glu-glu
na,SPX,106,center_radius,128.20406313353936,201031JD002regimetestAAB_20201031_173042,B,2,8,glu-glu
na,SPX,106,center_phi,-0.2759529805706349,201031JD002regimetestAAB_20201031_173042,B,2,8,glu-glu
na,SPX,107,center_x,123.3970074287333,201031JD002regimetestAAB_20201031_173042,B,2,8,glu-glu
na,SPX,107,center_y,-55.061388169935185,201031JD002regimetestAAB_20201031_173042,B,2,8,glu-glu
na,SPX,107,center_radius,135.1243053990182,201031JD002regimetestAAB_20201031_173042,B,2,8,glu-glu
na,SPX,107,center_phi,-0.4197004604048813,201031JD002regimetestAAB_20201031_173042,B,2,8,glu-glu
na,SPX,108,center_x,128.09104345849627,201031JD002regimetestAAB_20201031_173042,B,2,8,glu-glu
na,SPX,108,center_y,6.711483052229028,201031JD002regimetestAAB_20201031_173042,B,2,8,glu-glu
na,SPX,108,center_radius,128.26675102709487,201031JD002regimetestAAB_20201031_173042,B,2,8,glu-glu
na,SPX,108,center_phi,0.05234832314230265,201031JD002regimetestAAB_20201031_173042,B,2,8,glu-glu
na,SPX,109,center_x,133.94856244543828,201031JD002regimetestAAB_20201031_173042,B,2,8,glu-glu
na,SPX,109,center_y,-28.830627695722285,201031JD002regimetestAAB_20201031_173042,B,2,8,glu-glu
na,SPX,109,center_radius,137.01613946732272,201031JD002regimetestAAB_20201031_173042,B,2,8,glu-glu
na,SPX,109,center_phi,-0.21200225644794324,201031JD002regimetestAAB_20201031_173042,B,2,8,glu-glu
na,SPX,110,center_x,122.2402714706275,201031JD002regimetestAAB_20201031_173042,B,2,8,glu-glu
na,SPX,110,center_y,88.76710753527283,201031JD002regimetestAAB_20201031_173042,B,2,8,glu-glu
na,SPX,110,center_radius,151.07045822857427,201031JD002regimetestAAB_20201031_173042,B,2,8,glu-glu
na,SPX,110,center_phi,0.6280740734632453,201031JD002regimetestAAB_20201031_173042,B,2,8,glu-glu
na,SPX,111,center_x,132.77085113739392,201031JD002regimetestAAB_20201031_173042,B,2,8,glu-glu
na,SPX,111,center_y,67.30686609059563,201031JD002regimetestAAB_20201031_173042,B,2,8,glu-glu
na,SPX,111,center_radius,148.85668656357157,201031JD002regimetestAAB_20201031_173042,B,2,8,glu-glu
na,SPX,111,center_phi,0.46918424754495125,201031JD002regimetestAAB_20201031_173042,B,2,8,glu-glu
na,SPX,112,center_x,135.72449237792532,201031JD002regimetestAAB_20201031_173042,B,2,8,glu-glu
na,SPX,112,center_y,-76.01888851995398,201031JD002regimetestAAB_20201031_173042,B,2,8,glu-glu
na,SPX,112,center_radius,155.5635215693406,201031JD002regimetestAAB_20201031_173042,B,2,8,glu-glu
na,SPX,112,center_phi,-0.5105622038715353,201031JD002regimetestAAB_20201031_173042,B,2,8,glu-glu
na,SPX,113,center_x,140.6752963061759,201031JD002regimetestAAB_20201031_173042,B,2,8,glu-glu
na,SPX,113,center_y,27.27851846291415,201031JD002regimetestAAB_20201031_173042,B,2,8,glu-glu
na,SPX,113,center_radius,143.2956962381004,201031JD002regimetestAAB_20201031_173042,B,2,8,glu-glu
na,SPX,113,center_phi,0.19153416843240945,201031JD002regimetestAAB_20201031_173042,B,2,8,glu-glu
na,SPX,114,center_x,135.6375953985191,201031JD002regimetestAAB_20201031_173042,B,2,8,glu-glu
na,SPX,114,center_y,-91.6434847836164,201031JD002regimetestAAB_20201031_173042,B,2,8,glu-glu
na,SPX,114,center_radius,163.69509946475887,201031JD002regimetestAAB_20201031_173042,B,2,8,glu-glu
na,SPX,114,center_phi,-0.5941957894728149,201031JD002regimetestAAB_20201031_173042,B,2,8,glu-glu
na,SPX,115,center_x,145.55958434166448,201031JD002regimetestAAB_20201031_173042,B,2,8,glu-glu
na,SPX,115,center_y,39.294895838923225,201031JD002regimetestAAB_20201031_173042,B,2,8,glu-glu
na,SPX,115,center_radius,150.77029360159102,201031JD002regimetestAAB_20201031_173042,B,2,8,glu-glu
na,SPX,115,center_phi,0.263672185587351,201031JD002regimetestAAB_20201031_173042,B,2,8,glu-glu
na,SPX,116,center_x,150.06655524974147,201031JD002regimetestAAB_20201031_173042,B,2,8,glu-glu
na,SPX,116,center_y,-12.833694178736408,201031JD002regimetestAAB_20201031_173042,B,2,8,glu-glu
na,SPX,116,center_radius,150.61432438781193,201031JD002regimetestAAB_20201031_173042,B,2,8,glu-glu
na,SPX,116,center_phi,-0.08531243747582572,201031JD002regimetestAAB_20201031_173042,B,2,8,glu-glu
1,SPX,1,mean,1481.5444444444445,201031JD002regimetestAAB_20201031_173042,B,2,8,glu-glu
1,SPX,2,mean,2801.961379310345,201031JD002regimetestAAB_20201031_173042,B,2,8,glu-glu
1,SPX,3,mean,4207.4266917293235,201031JD002regimetestAAB_20201031_173042,B,2,8,glu-glu
1,SPX,4,mean,1576.7336683417086,201031JD002regimetestAAB_20201031_173042,B,2,8,glu-glu
1,SPX,5,mean,4291.059845559846,201031JD002regimetestAAB_20201031_173042,B,2,8,glu-glu
1,SPX,6,mean,3872.8533007334963,201031JD002regimetestAAB_20201031_173042,B,2,8,glu-glu
1,SPX,7,mean,4109.78870829769,201031JD002regimetestAAB_20201031_173042,B,2,8,glu-glu
1,SPX,8,mean,3707.2175856929957,201031JD002regimetestAAB_20201031_173042,B,2,8,glu-glu
1,SPX,9,mean,2046.1648822269808,201031JD002regimetestAAB_20201031_173042,B,2,8,glu-glu
1,SPX,10,mean,1587.587973273942,201031JD002regimetestAAB_20201031_173042,B,2,8,glu-glu
1,SPX,11,mean,2943.728941684665,201031JD002regimetestAAB_20201031_173042,B,2,8,glu-glu
1,SPX,12,mean,2752.5924812030075,201031JD002regimetestAAB_20201031_173042,B,2,8,glu-glu
1,SPX,13,mean,4661.223152022315,201031JD002regimetestAAB_20201031_173042,B,2,8,glu-glu
1,SPX,14,mean,3462.4375,201031JD002regimetestAAB_20201031_173042,B,2,8,glu-glu
1,SPX,15,mean,428.77522935779814,201031JD002regimetestAAB_20201031_173042,B,2,8,glu-glu
1,SPX,16,mean,4370.433145009416,201031JD002regimetestAAB_20201031_173042,B,2,8,glu-glu
1,SPX,17,mean,3654.037109375,201031JD002regimetestAAB_20201031_173042,B,2,8,glu-glu
1,SPX,18,mean,2274.6764199655768,201031JD002regimetestAAB_20201031_173042,B,2,8,glu-glu
1,SPX,19,mean,3476.604146100691,201031JD002regimetestAAB_20201031_173042,B,2,8,glu-glu
1,SPX,20,mean,4063.407738095238,201031JD002regimetestAAB_20201031_173042,B,2,8,glu-glu
1,SPX,21,mean,495.3370165745856,201031JD002regimetestAAB_20201031_173042,B,2,8,glu-glu
1,SPX,22,mean,4233.984413453651,201031JD002regimetestAAB_20201031_173042,B,2,8,glu-glu
1,SPX,23,mean,5463.043689320389,201031JD002regimetestAAB_20201031_173042,B,2,8,glu-glu
1,SPX,24,mean,2838.267973856209,201031JD002regimetestAAB_20201031_173042,B,2,8,glu-glu
1,SPX,25,mean,4012.2469758064517,201031JD002regimetestAAB_20201031_173042,B,2,8,glu-glu
1,SPX,26,mean,2576.4300458715597,201031JD002regimetestAAB_20201031_173042,B,2,8,glu-glu
1,SPX,27,mean,541.9490445859873,201031JD002regimetestAAB_20201031_173042,B,2,8,glu-glu
1,SPX,28,mean,4268.916939890711,201031JD002regimetestAAB_20201031_173042,B,2,8,glu-glu
1,SPX,29,mean,2150.7089201877934,201031JD002regimetestAAB_20201031_173042,B,2,8,glu-glu
1,SPX,30,mean,4428.407358738502,201031JD002regimetestAAB_20201031_173042,B,2,8,glu-glu
1,SPX,31,mean,5061.963503649635,201031JD002regimetestAAB_20201031_173042,B,2,8,glu-glu
1,SPX,32,mean,2454.0530303030305,201031JD002regimetestAAB_20201031_173042,B,2,8,glu-glu
1,SPX,33,mean,3533.085798816568,201031JD002regimetestAAB_20201031_173042,B,2,8,glu-glu
1,SPX,34,mean,1644.2699386503068,201031JD002regimetestAAB_20201031_173042,B,2,8,glu-glu
1,SPX,35,mean,4241.237199582027,201031JD002regimetestAAB_20201031_173042,B,2,8,glu-glu
1,SPX,36,mean,4204.593155893536,201031JD002regimetestAAB_20201031_173042,B,2,8,glu-glu
1,SPX,37,mean,4265.868113522538,201031JD002regimetestAAB_20201031_173042,B,2,8,glu-glu
1,SPX,38,mean,4229.691253951528,201031JD002regimetestAAB_20201031_173042,B,2,8,glu-glu
1,SPX,39,mean,5444.088036117381,201031JD002regimetestAAB_20201031_173042,B,2,8,glu-glu
1,SPX,40,mean,3285.835471698113,201031JD002regimetestAAB_20201031_173042,B,2,8,glu-glu
1,SPX,41,mean,564.7087912087912,201031JD002regimetestAAB_20201031_173042,B,2,8,glu-glu
1,SPX,42,mean,1864.427807486631,201031JD002regimetestAAB_20201031_173042,B,2,8,glu-glu
1,SPX,43,mean,3231.4105113636365,201031JD002regimetestAAB_20201031_173042,B,2,8,glu-glu
1,SPX,44,mean,3399.5100117785632,201031JD002regimetestAAB_20201031_173042,B,2,8,glu-glu
1,SPX,45,mean,3268.219020172911,201031JD002regimetestAAB_20201031_173042,B,2,8,glu-glu
1,SPX,46,mean,3012.0467571644044,201031JD002regimetestAAB_20201031_173042,B,2,8,glu-glu
1,SPX,47,mean,3442.361142857143,201031JD002regimetestAAB_20201031_173042,B,2,8,glu-glu
1,SPX,48,mean,3409.580882352941,201031JD002regimetestAAB_20201031_173042,B,2,8,glu-glu
1,SPX,49,mean,3203.242957746479,201031JD002regimetestAAB_20201031_173042,B,2,8,glu-glu
1,SPX,50,mean,4001.9527272727273,201031JD002regimetestAAB_20201031_173042,B,2,8,glu-glu
1,SPX,51,mean,4522.520754716981,201031JD002regimetestAAB_20201031_173042,B,2,8,glu-glu
1,SPX,52,mean,2394.9145728643216,201031JD002regimetestAAB_20201031_173042,B,2,8,glu-glu
1,SPX,53,mean,3087.358757062147,201031JD002regimetestAAB_20201031_173042,B,2,8,glu-glu
1,SPX,54,mean,3891.4995112414467,201031JD002regimetestAAB_20201031_173042,B,2,8,glu-glu
1,SPX,55,mean,3393.573282442748,201031JD002regimetestAAB_20201031_173042,B,2,8,glu-glu
1,SPX,56,mean,2637.9176372712145,201031JD002regimetestAAB_20201031_173042,B,2,8,glu-glu
1,SPX,57,mean,3150.144642857143,201031JD002regimetestAAB_20201031_173042,B,2,8,glu-glu
1,SPX,58,mean,2393.975,201031JD002regimetestAAB_20201031_173042,B,2,8,glu-glu
1,SPX,59,mean,4441.646315789474,201031JD002regimetestAAB_20201031_173042,B,2,8,glu-glu
1,SPX,60,mean,3493.759817351598,201031JD002regimetestAAB_20201031_173042,B,2,8,glu-glu
1,SPX,61,mean,3805.7018284106894,201031JD002regimetestAAB_20201031_173042,B,2,8,glu-glu
1,SPX,62,mean,4026.9931623931625,201031JD002regimetestAAB_20201031_173042,B,2,8,glu-glu
1,SPX,63,mean,3018.236739974127,201031JD002regimetestAAB_20201031_173042,B,2,8,glu-glu
1,SPX,64,mean,2448.9781420765025,201031JD002regimetestAAB_20201031_173042,B,2,8,glu-glu
1,SPX,65,mean,2976.342222222222,201031JD002regimetestAAB_20201031_173042,B,2,8,glu-glu
1,SPX,66,mean,2815.632075471698,201031JD002regimetestAAB_20201031_173042,B,2,8,glu-glu
1,SPX,67,mean,2924.8543307086616,201031JD002regimetestAAB_20201031_173042,B,2,8,glu-glu
1,SPX,68,mean,2697.738129496403,201031JD002regimetestAAB_20201031_173042,B,2,8,glu-glu
1,SPX,69,mean,3939.156138259833,201031JD002regimetestAAB_20201031_173042,B,2,8,glu-glu
1,SPX,70,mean,4673.488114104596,201031JD002regimetestAAB_20201031_173042,B,2,8,glu-glu
1,SPX,71,mean,3625.169708029197,201031JD002regimetestAAB_20201031_173042,B,2,8,glu-glu
1,SPX,72,mean,1678.0632716049383,201031JD002regimetestAAB_20201031_173042,B,2,8,glu-glu
1,SPX,73,mean,1868.8506097560976,201031JD002regimetestAAB_20201031_173042,B,2,8,glu-glu
1,SPX,74,mean,2008.05719237435,201031JD002regimetestAAB_20201031_173042,B,2,8,glu-glu
1,SPX,75,mean,3289.586597040905,201031JD002regimetestAAB_20201031_173042,B,2,8,glu-glu
1,SPX,76,mean,3341.3100081366965,201031JD002regimetestAAB_20201031_173042,B,2,8,glu-glu
1,SPX,77,mean,4189.687969924812,201031JD002regimetestAAB_20201031_173042,B,2,8,glu-glu
1,SPX,78,mean,4600.065558633426,201031JD002regimetestAAB_20201031_173042,B,2,8,glu-glu
1,SPX,79,mean,2907.2574257425745,201031JD002regimetestAAB_20201031_173042,B,2,8,glu-glu
1,SPX,80,mean,3655.3825363825363,201031JD002regimetestAAB_20201031_173042,B,2,8,glu-glu
1,SPX,81,mean,3665.5017921146955,201031JD002regimetestAAB_20201031_173042,B,2,8,glu-glu
1,SPX,82,mean,3130.863202545069,201031JD002regimetestAAB_20201031_173042,B,2,8,glu-glu
1,SPX,83,mean,338.14649681528664,201031JD002regimetestAAB_20201031_173042,B,2,8,glu-glu
1,SPX,84,mean,3683.955242966752,201031JD002regimetestAAB_20201031_173042,B,2,8,glu-glu
1,SPX,85,mean,4784.241534988713,201031JD002regimetestAAB_20201031_173042,B,2,8,glu-glu
1,SPX,86,mean,3417.5577586206896,201031JD002regimetestAAB_20201031_173042,B,2,8,glu-glu
1,SPX,87,mean,2328.6197183098593,201031JD002regimetestAAB_20201031_173042,B,2,8,glu-glu
1,SPX,88,mean,1900.539351851852,201031JD002regimetestAAB_20201031_173042,B,2,8,glu-glu
1,SPX,89,mean,4508.036363636364,201031JD002regimetestAAB_20201031_173042,B,2,8,glu-glu
1,SPX,90,mean,3207.1582867783986,201031JD002regimetestAAB_20201031_173042,B,2,8,glu-glu
1,SPX,91,mean,4248.489285714286,201031JD002regimetestAAB_20201031_173042,B,2,8,glu-glu
1,SPX,92,mean,3317.629482071713,201031JD002regimetestAAB_20201031_173042,B,2,8,glu-glu
1,SPX,93,mean,3632.4312749003984,201031JD002regimetestAAB_20201031_173042,B,2,8,glu-glu
1,SPX,94,mean,334.4213197969543,201031JD002regimetestAAB_20201031_173042,B,2,8,glu-glu
1,SPX,95,mean,4164.460227272727,201031JD002regimetestAAB_20201031_173042,B,2,8,glu-glu
1,SPX,96,mean,3723.2865329512892,201031JD002regimetestAAB_20201031_173042,B,2,8,glu-glu
1,SPX,97,mean,3773.525198938992,201031JD002regimetestAAB_20201031_173042,B,2,8,glu-glu
1,SPX,98,mean,3661.074025974026,201031JD002regimetestAAB_20201031_173042,B,2,8,glu-glu
1,SPX,99,mean,5119.585051546392,201031JD002regimetestAAB_20201031_173042,B,2,8,glu-glu
1,SPX,100,mean,4211.4516711833785,201031JD002regimetestAAB_20201031_173042,B,2,8,glu-glu
1,SPX,101,mean,496.44200626959247,201031JD002regimetestAAB_20201031_173042,B,2,8,glu-glu
1,SPX,102,mean,2085.4024691358027,201031JD002regimetestAAB_20201031_173042,B,2,8,glu-glu
1,SPX,103,mean,440.70818505338076,201031JD002regimetestAAB_20201031_173042,B,2,8,glu-glu
1,SPX,104,mean,2414.3135135135135,201031JD002regimetestAAB_20201031_173042,B,2,8,glu-glu
1,SPX,105,mean,4725.917081260365,201031JD002regimetestAAB_20201031_173042,B,2,8,glu-glu
1,SPX,106,mean,4124.381720430108,201031JD002regimetestAAB_20201031_173042,B,2,8,glu-glu
1,SPX,107,mean,3508.425902864259,201031JD002regimetestAAB_20201031_173042,B,2,8,glu-glu
1,SPX,108,mean,4053.3279569892475,201031JD002regimetestAAB_20201031_173042,B,2,8,glu-glu
1,SPX,109,mean,3553.9273127753304,201031JD002regimetestAAB_20201031_173042,B,2,8,glu-glu
1,SPX,110,mean,221.02564102564102,201031JD002regimetestAAB_20201031_173042,B,2,8,glu-glu
1,SPX,111,mean,363.13813229571986,201031JD002regimetestAAB_20201031_173042,B,2,8,glu-glu
1,SPX,112,mean,2059.5562130177514,201031JD002regimetestAAB_20201031_173042,B,2,8,glu-glu
1,SPX,113,mean,2357.916230366492,201031JD002regimetestAAB_20201031_173042,B,2,8,glu-glu
1,SPX,114,mean,459.3362445414847,201031JD002regimetestAAB_20201031_173042,B,2,8,glu-glu
1,SPX,115,mean,384.5738916256158,201031JD002regimetestAAB_20201031_173042,B,2,8,glu-glu
1,SPX,116,mean,1540.266846361186,201031JD002regimetestAAB_20201031_173042,B,2,8,glu-glu
2,SPX,1,mean,527.8222222222222,201031JD002regimetestAAB_20201031_173042,B,2,8,glu-glu
2,SPX,2,mean,873.1572413793103,201031JD002regimetestAAB_20201031_173042,B,2,8,glu-glu
2,SPX,3,mean,598.8383458646616,201031JD002regimetestAAB_20201031_173042,B,2,8,glu-glu
2,SPX,4,mean,583.4422110552764,201031JD002regimetestAAB_20201031_173042,B,2,8,glu-glu
2,SPX,5,mean,818.3918918918919,201031JD002regimetestAAB_20201031_173042,B,2,8,glu-glu
2,SPX,6,mean,574.519967400163,201031JD002regimetestAAB_20201031_173042,B,2,8,glu-glu
2,SPX,7,mean,426.76903336184773,201031JD002regimetestAAB_20201031_173042,B,2,8,glu-glu
2,SPX,8,mean,375.5678092399404,201031JD002regimetestAAB_20201031_173042,B,2,8,glu-glu
2,SPX,9,mean,831.5824411134904,201031JD002regimetestAAB_20201031_173042,B,2,8,glu-glu
2,SPX,10,mean,426.0467706013363,201031JD002regimetestAAB_20201031_173042,B,2,8,glu-glu
2,SPX,11,mean,454.4125269978402,201031JD002regimetestAAB_20201031_173042,B,2,8,glu-glu
2,SPX,12,mean,331.36842105263156,201031JD002regimetestAAB_20201031_173042,B,2,8,glu-glu
2,SPX,13,mean,282.78382147838215,201031JD002regimetestAAB_20201031_173042,B,2,8,glu-glu
2,SPX,14,mean,243.25423728813558,201031JD002regimetestAAB_20201031_173042,B,2,8,glu-glu
2,SPX,15,mean,240.67889908256882,201031JD002regimetestAAB_20201031_173042,B,2,8,glu-glu
2,SPX,16,mean,349.180790960452,201031JD002regimetestAAB_20201031_173042,B,2,8,glu-glu
2,SPX,17,mean,307.306640625,201031JD002regimetestAAB_20201031_173042,B,2,8,glu-glu
2,SPX,18,mean,280.8605851979346,201031JD002regimetestAAB_20201031_173042,B,2,8,glu-glu
2,SPX,19,mean,256.2862783810464,201031JD002regimetestAAB_20201031_173042,B,2,8,glu-glu
2,SPX,20,mean,255.11904761904762,201031JD002regimetestAAB_20201031_173042,B,2,8,glu-glu
2,SPX,21,mean,238.93370165745856,201031JD002regimetestAAB_20201031_173042,B,2,8,glu-glu
2,SPX,22,mean,213.50697292863003,201031JD002regimetestAAB_20201031_173042,B,2,8,glu-glu
2,SPX,23,mean,239.7242718446602,201031JD002regimetestAAB_20201031_173042,B,2,8,glu-glu
2,SPX,24,mean,235.12908496732027,201031JD002regimetestAAB_20201031_173042,B,2,8,glu-glu
2,SPX,25,mean,221.48387096774192,201031JD002regimetestAAB_20201031_173042,B,2,8,glu-glu
2,SPX,26,mean,218.62270642201835,201031JD002regimetestAAB_20201031_173042,B,2,8,glu-glu
2,SPX,27,mean,283.5987261146497,201031JD002regimetestAAB_20201031_173042,B,2,8,glu-glu
2,SPX,28,mean,199.0502732240437,201031JD002regimetestAAB_20201031_173042,B,2,8,glu-glu
2,SPX,29,mean,230.57042253521126,201031JD002regimetestAAB_20201031_173042,B,2,8,glu-glu
2,SPX,30,mean,211.9934296977661,201031JD002regimetestAAB_20201031_173042,B,2,8,glu-glu
2,SPX,31,mean,220.6167883211679,201031JD002regimetestAAB_20201031_173042,B,2,8,glu-glu
2,SPX,32,mean,242.03333333333333,201031JD002regimetestAAB_20201031_173042,B,2,8,glu-glu
2,SPX,33,mean,234.69526627218934,201031JD002regimetestAAB_20201031_173042,B,2,8,glu-glu
2,SPX,34,mean,442.87116564417175,201031JD002regimetestAAB_20201031_173042,B,2,8,glu-glu
2,SPX,35,mean,214.94879832810867,201031JD002regimetestAAB_20201031_173042,B,2,8,glu-glu
2,SPX,36,mean,208.5380228136882,201031JD002regimetestAAB_20201031_173042,B,2,8,glu-glu
2,SPX,37,mean,221.0575959933222,201031JD002regimetestAAB_20201031_173042,B,2,8,glu-glu
2,SPX,38,mean,443.2191780821918,201031JD002regimetestAAB_20201031_173042,B,2,8,glu-glu
2,SPX,39,mean,210.84198645598195,201031JD002regimetestAAB_20201031_173042,B,2,8,glu-glu
2,SPX,40,mean,216.15924528301886,201031JD002regimetestAAB_20201031_173042,B,2,8,glu-glu
2,SPX,41,mean,221.16483516483515,201031JD002regimetestAAB_20201031_173042,B,2,8,glu-glu
2,SPX,42,mean,961.9358288770053,201031JD002regimetestAAB_20201031_173042,B,2,8,glu-glu
2,SPX,43,mean,204.9815340909091,201031JD002regimetestAAB_20201031_173042,B,2,8,glu-glu
2,SPX,44,mean,1107.4793875147232,201031JD002regimetestAAB_20201031_173042,B,2,8,glu-glu
2,SPX,45,mean,870.6512968299712,201031JD002regimetestAAB_20201031_173042,B,2,8,glu-glu
2,SPX,46,mean,228.76168929110105,201031JD002regimetestAAB_20201031_173042,B,2,8,glu-glu
2,SPX,47,mean,378.168,201031JD002regimetestAAB_20201031_173042,B,2,8,glu-glu
2,SPX,48,mean,213.19411764705882,201031JD002regimetestAAB_20201031_173042,B,2,8,glu-glu
2,SPX,49,mean,832.699823943662,201031JD002regimetestAAB_20201031_173042,B,2,8,glu-glu
2,SPX,50,mean,207.00242424242424,201031JD002regimetestAAB_20201031_173042,B,2,8,glu-glu
2,SPX,51,mean,212.20188679245283,201031JD002regimetestAAB_20201031_173042,B,2,8,glu-glu
2,SPX,52,mean,224.14824120603015,201031JD002regimetestAAB_20201031_173042,B,2,8,glu-glu
2,SPX,53,mean,879.7203389830509,201031JD002regimetestAAB_20201031_173042,B,2,8,glu-glu
2,SPX,54,mean,207.15738025415445,201031JD002regimetestAAB_20201031_173042,B,2,8,glu-glu
2,SPX,55,mean,210.32137404580152,201031JD002regimetestAAB_20201031_173042,B,2,8,glu-glu
2,SPX,56,mean,637.455074875208,201031JD002regimetestAAB_20201031_173042,B,2,8,glu-glu
2,SPX,57,mean,206.8982142857143,201031JD002regimetestAAB_20201031_173042,B,2,8,glu-glu
2,SPX,58,mean,216.6225,201031JD002regimetestAAB_20201031_173042,B,2,8,glu-glu
2,SPX,59,mean,218.54631578947368,201031JD002regimetestAAB_20201031_173042,B,2,8,glu-glu
2,SPX,60,mean,208.95251141552512,201031JD002regimetestAAB_20201031_173042,B,2,8,glu-glu
2,SPX,61,mean,467.7918424753868,201031JD002regimetestAAB_20201031_173042,B,2,8,glu-glu
2,SPX,62,mean,209.4820512820513,201031JD002regimetestAAB_20201031_173042,B,2,8,glu-glu
2,SPX,63,mean,702.0103492884864,201031JD002regimetestAAB_20201031_173042,B,2,8,glu-glu
2,SPX,64,mean,628.5464480874317,201031JD002regimetestAAB_20201031_173042,B,2,8,glu-glu
2,SPX,65,mean,226.68740740740742,201031JD002regimetestAAB_20201031_173042,B,2,8,glu-glu
2,SPX,66,mean,457.42452830188677,201031JD002regimetestAAB_20201031_173042,B,2,8,glu-glu
2,SPX,67,mean,221.03280839895012,201031JD002regimetestAAB_20201031_173042,B,2,8,glu-glu
2,SPX,68,mean,223.11079136690648,201031JD002regimetestAAB_20201031_173042,B,2,8,glu-glu
2,SPX,69,mean,204.66746126340882,201031JD002regimetestAAB_20201031_173042,B,2,8,glu-glu
2,SPX,70,mean,230.64659270998416,201031JD002regimetestAAB_20201031_173042,B,2,8,glu-glu
2,SPX,71,mean,289.5273722627737,201031JD002regimetestAAB_20201031_173042,B,2,8,glu-glu
2,SPX,72,mean,552.4012345679013,201031JD002regimetestAAB_20201031_173042,B,2,8,glu-glu
2,SPX,73,mean,219.6341463414634,201031JD002regimetestAAB_20201031_173042,B,2,8,glu-glu
2,SPX,74,mean,254.44367417677643,201031JD002regimetestAAB_20201031_173042,B,2,8,glu-glu
2,SPX,75,mean,220.66579634464753,201031JD002regimetestAAB_20201031_173042,B,2,8,glu-glu
2,SPX,76,mean,223.04393816110658,201031JD002regimetestAAB_20201031_173042,B,2,8,glu-glu
2,SPX,77,mean,649.5432330827068,201031JD002regimetestAAB_20201031_173042,B,2,8,glu-glu
2,SPX,78,mean,211.91597414589106,201031JD002regimetestAAB_20201031_173042,B,2,8,glu-glu
2,SPX,79,mean,583.1930693069307,201031JD002regimetestAAB_20201031_173042,B,2,8,glu-glu
2,SPX,80,mean,265.53014553014555,201031JD002regimetestAAB_20201031_173042,B,2,8,glu-glu
2,SPX,81,mean,225.7347670250896,201031JD002regimetestAAB_20201031_173042,B,2,8,glu-glu
2,SPX,82,mean,233.932131495228,201031JD002regimetestAAB_20201031_173042,B,2,8,glu-glu
2,SPX,83,mean,259.5923566878981,201031JD002regimetestAAB_20201031_173042,B,2,8,glu-glu
2,SPX,84,mean,544.8670076726343,201031JD002regimetestAAB_20201031_173042,B,2,8,glu-glu
2,SPX,85,mean,214.2133182844244,201031JD002regimetestAAB_20201031_173042,B,2,8,glu-glu
2,SPX,86,mean,207.34396551724137,201031JD002regimetestAAB_20201031_173042,B,2,8,glu-glu
2,SPX,87,mean,207.12112676056339,201031JD002regimetestAAB_20201031_173042,B,2,8,glu-glu
2,SPX,88,mean,327.99305555555554,201031JD002regimetestAAB_20201031_173042,B,2,8,glu-glu
2,SPX,89,mean,242.11111111111111,201031JD002regimetestAAB_20201031_173042,B,2,8,glu-glu
2,SPX,90,mean,207.3780260707635,201031JD002regimetestAAB_20201031_173042,B,2,8,glu-glu
2,SPX,91,mean,213.11785714285713,201031JD002regimetestAAB_20201031_173042,B,2,8,glu-glu
2,SPX,92,mean,238.91035856573706,201031JD002regimetestAAB_20201031_173042,B,2,8,glu-glu
2,SPX,93,mean,215.69621513944224,201031JD002regimetestAAB_20201031_173042,B,2,8,glu-glu
2,SPX,94,mean,245.41624365482232,201031JD002regimetestAAB_20201031_173042,B,2,8,glu-glu
2,SPX,95,mean,232.0151515151515,201031JD002regimetestAAB_20201031_173042,B,2,8,glu-glu
2,SPX,96,mean,253.5702005730659,201031JD002regimetestAAB_20201031_173042,B,2,8,glu-glu
2,SPX,97,mean,217.29708222811672,201031JD002regimetestAAB_20201031_173042,B,2,8,glu-glu
2,SPX,98,mean,247.52337662337663,201031JD002regimetestAAB_20201031_173042,B,2,8,glu-glu
2,SPX,99,mean,208.8840206185567,201031JD002regimetestAAB_20201031_173042,B,2,8,glu-glu
2,SPX,100,mean,215.0081300813008,201031JD002regimetestAAB_20201031_173042,B,2,8,glu-glu
2,SPX,101,mean,220.141065830721,201031JD002regimetestAAB_20201031_173042,B,2,8,glu-glu
2,SPX,102,mean,260.9456790123457,201031JD002regimetestAAB_20201031_173042,B,2,8,glu-glu
2,SPX,103,mean,257.16725978647685,201031JD002regimetestAAB_20201031_173042,B,2,8,glu-glu
2,SPX,104,mean,223.0054054054054,201031JD002regimetestAAB_20201031_173042,B,2,8,glu-glu
2,SPX,105,mean,243.5257048092869,201031JD002regimetestAAB_20201031_173042,B,2,8,glu-glu
2,SPX,106,mean,229.63440860215053,201031JD002regimetestAAB_20201031_173042,B,2,8,glu-glu
2,SPX,107,mean,251.56164383561645,201031JD002regimetestAAB_20201031_173042,B,2,8,glu-glu
2,SPX,108,mean,226.9247311827957,201031JD002regimetestAAB_20201031_173042,B,2,8,glu-glu
2,SPX,109,mean,238.2444933920705,201031JD002regimetestAAB_20201031_173042,B,2,8,glu-glu
2,SPX,110,mean,235.25,201031JD002regimetestAAB_20201031_173042,B,2,8,glu-glu
2,SPX,111,mean,209.63229571984436,201031JD002regimetestAAB_20201031_173042,B,2,8,glu-glu
2,SPX,112,mean,251.12426035502958,201031JD002regimetestAAB_20201031_173042,B,2,8,glu-glu
2,SPX,113,mean,227.04450261780104,201031JD002regimetestAAB_20201031_173042,B,2,8,glu-glu
2,SPX,114,mean,250.2008733624454,201031JD002regimetestAAB_20201031_173042,B,2,8,glu-glu
2,SPX,115,mean,198.10098522167488,201031JD002regimetestAAB_20201031_173042,B,2,8,glu-glu
2,SPX,116,mean,225.66576819407007,201031JD002regimetestAAB_20201031_173042,B,2,8,glu-glu
3,SPX,1,mean,5323.672222222222,201031JD002regimetestAAB_20201031_173042,B,2,8,glu-glu
3,SPX,2,mean,12730.186206896551,201031JD002regimetestAAB_20201031_173042,B,2,8,glu-glu
3,SPX,3,mean,14788.067669172933,201031JD002regimetestAAB_20201031_173042,B,2,8,glu-glu
3,SPX,4,mean,2053.6557788944724,201031JD002regimetestAAB_20201031_173042,B,2,8,glu-glu
3,SPX,5,mean,7637.138996138996,201031JD002regimetestAAB_20201031_173042,B,2,8,glu-glu
3,SPX,6,mean,16434.706601466994,201031JD002regimetestAAB_20201031_173042,B,2,8,glu-glu
3,SPX,7,mean,4645.023952095808,201031JD002regimetestAAB_20201031_173042,B,2,8,glu-glu
3,SPX,8,mean,3625.694485842027,201031JD002regimetestAAB_20201031_173042,B,2,8,glu-glu
3,SPX,9,mean,16804.86937901499,201031JD002regimetestAAB_20201031_173042,B,2,8,glu-glu
3,SPX,10,mean,7516.895322939867,201031JD002regimetestAAB_20201031_173042,B,2,8,glu-glu
3,SPX,11,mean,11733.792656587473,201031JD002regimetestAAB_20201031_173042,B,2,8,glu-glu
3,SPX,12,mean,4345.542857142857,201031JD002regimetestAAB_20201031_173042,B,2,8,glu-glu
3,SPX,13,mean,12125.612273361226,201031JD002regimetestAAB_20201031_173042,B,2,8,glu-glu
3,SPX,14,mean,6367.995762711865,201031JD002regimetestAAB_20201031_173042,B,2,8,glu-glu
3,SPX,15,mean,666.4311926605504,201031JD002regimetestAAB_20201031_173042,B,2,8,glu-glu
3,SPX,16,mean,3703.1581920903955,201031JD002regimetestAAB_20201031_173042,B,2,8,glu-glu
3,SPX,17,mean,9247.994140625,201031JD002regimetestAAB_20201031_173042,B,2,8,glu-glu
3,SPX,18,mean,14384.769363166954,201031JD002regimetestAAB_20201031_173042,B,2,8,glu-glu
3,SPX,19,mean,12312.695952615992,201031JD002regimetestAAB_20201031_173042,B,2,8,glu-glu
3,SPX,20,mean,9911.705357142857,201031JD002regimetestAAB_20201031_173042,B,2,8,glu-glu
3,SPX,21,mean,511.7403314917127,201031JD002regimetestAAB_20201031_173042,B,2,8,glu-glu
3,SPX,22,mean,2255.095159967186,201031JD002regimetestAAB_20201031_173042,B,2,8,glu-glu
3,SPX,23,mean,2275.8796116504855,201031JD002regimetestAAB_20201031_173042,B,2,8,glu-glu
3,SPX,24,mean,9116.42320261438,201031JD002regimetestAAB_20201031_173042,B,2,8,glu-glu
3,SPX,25,mean,2986.342741935484,201031JD002regimetestAAB_20201031_173042,B,2,8,glu-glu
3,SPX,26,mean,1211.6204128440368,201031JD002regimetestAAB_20201031_173042,B,2,8,glu-glu
3,SPX,27,mean,1291.968152866242,201031JD002regimetestAAB_20201031_173042,B,2,8,glu-glu
3,SPX,28,mean,1232.9814207650272,201031JD002regimetestAAB_20201031_173042,B,2,8,glu-glu
3,SPX,29,mean,1313.9319248826291,201031JD002regimetestAAB_20201031_173042,B,2,8,glu-glu
3,SPX,30,mean,1869.3758212877792,201031JD002regimetestAAB_20201031_173042,B,2,8,glu-glu
3,SPX,31,mean,1389.7372262773722,201031JD002regimetestAAB_20201031_173042,B,2,8,glu-glu
3,SPX,32,mean,10493.05606060606,201031JD002regimetestAAB_20201031_173042,B,2,8,glu-glu
3,SPX,33,mean,8058.610453648916,201031JD002regimetestAAB_20201031_173042,B,2,8,glu-glu
3,SPX,34,mean,1533.4754601226994,201031JD002regimetestAAB_20201031_173042,B,2,8,glu-glu
3,SPX,35,mean,1238.3573667711598,201031JD002regimetestAAB_20201031_173042,B,2,8,glu-glu
3,SPX,36,mean,3496.8574144486693,201031JD002regimetestAAB_20201031_173042,B,2,8,glu-glu
3,SPX,37,mean,2072.8247078464105,201031JD002regimetestAAB_20201031_173042,B,2,8,glu-glu
3,SPX,38,mean,1619.527924130664,201031JD002regimetestAAB_20201031_173042,B,2,8,glu-glu
3,SPX,39,mean,2693.3047404063204,201031JD002regimetestAAB_20201031_173042,B,2,8,glu-glu
3,SPX,40,mean,2960.1456603773586,201031JD002regimetestAAB_20201031_173042,B,2,8,glu-glu
3,SPX,41,mean,824.8736263736264,201031JD002regimetestAAB_20201031_173042,B,2,8,glu-glu
3,SPX,42,mean,1733.7807486631016,201031JD002regimetestAAB_20201031_173042,B,2,8,glu-glu
3,SPX,43,mean,2884.2670454545455,201031JD002regimetestAAB_20201031_173042,B,2,8,glu-glu
3,SPX,44,mean,9357.581861012957,201031JD002regimetestAAB_20201031_173042,B,2,8,glu-glu
3,SPX,45,mean,6798.109510086455,201031JD002regimetestAAB_20201031_173042,B,2,8,glu-glu
3,SPX,46,mean,1475.8355957767722,201031JD002regimetestAAB_20201031_173042,B,2,8,glu-glu
3,SPX,47,mean,3644.8605714285713,201031JD002regimetestAAB_20201031_173042,B,2,8,glu-glu
3,SPX,48,mean,3159.045588235294,201031JD002regimetestAAB_20201031_173042,B,2,8,glu-glu
3,SPX,49,mean,9084.87059859155,201031JD002regimetestAAB_20201031_173042,B,2,8,glu-glu
3,SPX,50,mean,2862.6884848484847,201031JD002regimetestAAB_20201031_173042,B,2,8,glu-glu
3,SPX,51,mean,1116.379245283019,201031JD002regimetestAAB_20201031_173042,B,2,8,glu-glu
3,SPX,52,mean,1062.8291457286432,201031JD002regimetestAAB_20201031_173042,B,2,8,glu-glu
3,SPX,53,mean,9870.713276836159,201031JD002regimetestAAB_20201031_173042,B,2,8,glu-glu
3,SPX,54,mean,3485.7038123167154,201031JD002regimetestAAB_20201031_173042,B,2,8,glu-glu
3,SPX,55,mean,2621.3412213740457,201031JD002regimetestAAB_20201031_173042,B,2,8,glu-glu
3,SPX,56,mean,6997.658901830283,201031JD002regimetestAAB_20201031_173042,B,2,8,glu-glu
3,SPX,57,mean,3495.1267857142857,201031JD002regimetestAAB_20201031_173042,B,2,8,glu-glu
3,SPX,58,mean,2867.47,201031JD002regimetestAAB_20201031_173042,B,2,8,glu-glu
3,SPX,59,mean,1686.3473684210526,201031JD002regimetestAAB_20201031_173042,B,2,8,glu-glu
3,SPX,60,mean,2939.2328767123286,201031JD002regimetestAAB_20201031_173042,B,2,8,glu-glu
3,SPX,61,mean,1901.5893108298171,201031JD002regimetestAAB_20201031_173042,B,2,8,glu-glu
3,SPX,62,mean,3390.331623931624,201031JD002regimetestAAB_20201031_173042,B,2,8,glu-glu
3,SPX,63,mean,10538.01552393273,201031JD002regimetestAAB_20201031_173042,B,2,8,glu-glu
3,SPX,64,mean,3963.7336065573772,201031JD002regimetestAAB_20201031_173042,B,2,8,glu-glu
3,SPX,65,mean,1227.0414814814815,201031JD002regimetestAAB_20201031_173042,B,2,8,glu-glu
3,SPX,66,mean,1189.7358490566037,201031JD002regimetestAAB_20201031_173042,B,2,8,glu-glu
3,SPX,67,mean,2872.0958005249345,201031JD002regimetestAAB_20201031_173042,B,2,8,glu-glu
3,SPX,68,mean,3647.731654676259,201031JD002regimetestAAB_20201031_173042,B,2,8,glu-glu
3,SPX,69,mean,2613.998808104887,201031JD002regimetestAAB_20201031_173042,B,2,8,glu-glu
3,SPX,70,mean,1049.89381933439,201031JD002regimetestAAB_20201031_173042,B,2,8,glu-glu
3,SPX,71,mean,4758.151459854014,201031JD002regimetestAAB_20201031_173042,B,2,8,glu-glu
3,SPX,72,mean,10260.58024691358,201031JD002regimetestAAB_20201031_173042,B,2,8,glu-glu
3,SPX,73,mean,1440.8506097560976,201031JD002regimetestAAB_20201031_173042,B,2,8,glu-glu
3,SPX,74,mean,10625.012131715772,201031JD002regimetestAAB_20201031_173042,B,2,8,glu-glu
3,SPX,75,mean,2085.970409051349,201031JD002regimetestAAB_20201031_173042,B,2,8,glu-glu
3,SPX,76,mean,1096.9365337672905,201031JD002regimetestAAB_20201031_173042,B,2,8,glu-glu
3,SPX,77,mean,1772.9454887218046,201031JD002regimetestAAB_20201031_173042,B,2,8,glu-glu
3,SPX,78,mean,2582.735918744229,201031JD002regimetestAAB_20201031_173042,B,2,8,glu-glu
3,SPX,79,mean,2803.6460396039606,201031JD002regimetestAAB_20201031_173042,B,2,8,glu-glu
3,SPX,80,mean,6188.4345114345115,201031JD002regimetestAAB_20201031_173042,B,2,8,glu-glu
3,SPX,81,mean,4321.228195937873,201031JD002regimetestAAB_20201031_173042,B,2,8,glu-glu
3,SPX,82,mean,9451.099681866384,201031JD002regimetestAAB_20201031_173042,B,2,8,glu-glu
3,SPX,83,mean,683.5923566878981,201031JD002regimetestAAB_20201031_173042,B,2,8,glu-glu
3,SPX,84,mean,1377.987212276215,201031JD002regimetestAAB_20201031_173042,B,2,8,glu-glu
3,SPX,85,mean,1124.015801354402,201031JD002regimetestAAB_20201031_173042,B,2,8,glu-glu
3,SPX,86,mean,4429.420689655172,201031JD002regimetestAAB_20201031_173042,B,2,8,glu-glu
3,SPX,87,mean,3147.805633802817,201031JD002regimetestAAB_20201031_173042,B,2,8,glu-glu
3,SPX,88,mean,1586.962962962963,201031JD002regimetestAAB_20201031_173042,B,2,8,glu-glu
3,SPX,89,mean,10663.670707070707,201031JD002regimetestAAB_20201031_173042,B,2,8,glu-glu
3,SPX,90,mean,1664.8919925512105,201031JD002regimetestAAB_20201031_173042,B,2,8,glu-glu
3,SPX,91,mean,6499.296428571429,201031JD002regimetestAAB_20201031_173042,B,2,8,glu-glu
3,SPX,92,mean,5525.581673306773,201031JD002regimetestAAB_20201031_173042,B,2,8,glu-glu
3,SPX,93,mean,7544.453187250996,201031JD002regimetestAAB_20201031_173042,B,2,8,glu-glu
3,SPX,94,mean,736.1015228426396,201031JD002regimetestAAB_20201031_173042,B,2,8,glu-glu
3,SPX,95,mean,1568.2386363636363,201031JD002regimetestAAB_20201031_173042,B,2,8,glu-glu
3,SPX,96,mean,3503.3868194842407,201031JD002regimetestAAB_20201031_173042,B,2,8,glu-glu
3,SPX,97,mean,2558.871352785146,201031JD002regimetestAAB_20201031_173042,B,2,8,glu-glu
3,SPX,98,mean,1254.0636363636363,201031JD002regimetestAAB_20201031_173042,B,2,8,glu-glu
3,SPX,99,mean,2514.6494845360826,201031JD002regimetestAAB_20201031_173042,B,2,8,glu-glu
3,SPX,100,mean,1229.490514905149,201031JD002regimetestAAB_20201031_173042,B,2,8,glu-glu
3,SPX,101,mean,814.5109717868338,201031JD002regimetestAAB_20201031_173042,B,2,8,glu-glu
3,SPX,102,mean,2965.5382716049385,201031JD002regimetestAAB_20201031_173042,B,2,8,glu-glu
3,SPX,103,mean,1498.455516014235,201031JD002regimetestAAB_20201031_173042,B,2,8,glu-glu
3,SPX,104,mean,1529.9027027027028,201031JD002regimetestAAB_20201031_173042,B,2,8,glu-glu
3,SPX,105,mean,1277.6384742951907,201031JD002regimetestAAB_20201031_173042,B,2,8,glu-glu
3,SPX,106,mean,1542.8467741935483,201031JD002regimetestAAB_20201031_173042,B,2,8,glu-glu
3,SPX,107,mean,1224.0946450809465,201031JD002regimetestAAB_20201031_173042,B,2,8,glu-glu
3,SPX,108,mean,7570.715949820788,201031JD002regimetestAAB_20201031_173042,B,2,8,glu-glu
3,SPX,109,mean,7480.399779735682,201031JD002regimetestAAB_20201031_173042,B,2,8,glu-glu
3,SPX,110,mean,416.3525641025641,201031JD002regimetestAAB_20201031_173042,B,2,8,glu-glu
3,SPX,111,mean,579.9980544747082,201031JD002regimetestAAB_20201031_173042,B,2,8,glu-glu
3,SPX,112,mean,1177.8431952662722,201031JD002regimetestAAB_20201031_173042,B,2,8,glu-glu
3,SPX,113,mean,4146.9162303664925,201031JD002regimetestAAB_20201031_173042,B,2,8,glu-glu
3,SPX,114,mean,673.9694323144105,201031JD002regimetestAAB_20201031_173042,B,2,8,glu-glu
3,SPX,115,mean,794.4729064039409,201031JD002regimetestAAB_20201031_173042,B,2,8,glu-glu
3,SPX,116,mean,7368.822102425876,201031JD002regimetestAAB_20201031_173042,B,2,8,glu-glu
1,MASK,255,GLCM_correlation_dist10,0.7958702007596538,201031JD002regimetestAAB_20201031_173042,B,2,8,glu-glu
1,MASK,255,GLCM_correlation_dist100,0.1512300841224806,201031JD002regimetestAAB_20201031_173042,B,2,8,glu-glu
1,MASK,255,GLCM_correlation_dist200,-0.1324762261261505,201031JD002regimetestAAB_20201031_173042,B,2,8,glu-glu
2,MASK,255,GLCM_correlation_dist10,0.7243746951604786,201031JD002regimetestAAB_20201031_173042,B,2,8,glu-glu
2,MASK,255,GLCM_correlation_dist100,-0.05977733324426361,201031JD002regimetestAAB_20201031_173042,B,2,8,glu-glu
2,MASK,255,GLCM_correlation_dist200,-0.021833787277091954,201031JD002regimetestAAB_20201031_173042,B,2,8,glu-glu
3,MASK,255,GLCM_correlation_dist10,0.6013169412249058,201031JD002regimetestAAB_20201031_173042,B,2,8,glu-glu
3,MASK,255,GLCM_correlation_dist100,-0.016593218742847797,201031JD002regimetestAAB_20201031_173042,B,2,8,glu-glu
3,MASK,255,GLCM_correlation_dist200,0.021143340863991382,201031JD002regimetestAAB_20201031_173042,B,2,8,glu-glu
ch1.ch2,MASK,255,PearsonR,-0.11000702773373264,201031JD002regimetestAAB_20201031_173042,B,2,8,glu-glu
ch1.ch3,MASK,255,PearsonR,-0.0033742587335658554,201031JD002regimetestAAB_20201031_173042,B,2,8,glu-glu
ch2.ch3,MASK,255,PearsonR,0.2673885602812373,201031JD002regimetestAAB_20201031_173042,B,2,8,glu-glu
na,MASK,255,convexity,0.8453960661570203,201031JD002regimetestAAB_20201031_173042,B,2,8,glu-glu
na,MASK,255,form_factor,0.5555197510746351,201031JD002regimetestAAB_20201031_173042,B,2,8,glu-glu
1,MASK,255,mass_displacement,1.3050608350818305,201031JD002regimetestAAB_20201031_173042,B,2,8,glu-glu
2,MASK,255,mass_displacement,8.806031335057416,201031JD002regimetestAAB_20201031_173042,B,2,8,glu-glu
3,MASK,255,mass_displacement,9.643305509833187,201031JD002regimetestAAB_20201031_173042,B,2,8,glu-glu
